OPEID;OpeDomNuf;OpePnaNuf;OpeStkNuf;OpePcxCode;OpeDate;ArtCode;ArtLib;DepCode;OpeQteUS;OpeNumSerie;OpePA;CliCode;CliLib
4439;Achats;Bon de réception;En stock;BR-160142;26/07/2016;APP-3A650F/A;Ipod Touch 16Gb Demo Blue;DCOM;1;SCCQQV1NRGGK4;157,98;;
545;Stocks;Entrée en stock;En stock;IN-150172;31/12/2015;APP-3A653F/A;Ipod Touch 16Gb Demo Pink;DCOM;1;SCCQPT3RXGGK2;153,76;;
30957;Achats;Bon de réception;En stock;BR-190250;12/07/2019;APP-3C211F/A;iPhone 7 32GB Black (Demo);DCOM;1;358686098532116;333,08;;
7404;Achats;Bon de réception;En stock;BR-160253;10/11/2016;APP-3C318F/A;Apple Watch 1, 38mm Rose Gold Aluminium Case with Pink Sand Sport Band (Demo - T;DCOM;1;SFHLS8182HF1C;130;;
15714;Achats;Bon de réception;En stock;BR-170208;28/07/2017;APP-3C325F/A;Apple Watch 2, 38mm Silver Aluminium Case with White Sport Band (Demo - Try On);DCOM;1;SFHLV23Z5HDX5;180;;
7405;Achats;Bon de réception;En stock;BR-160253;10/11/2016;APP-3C335F/A;Apple Watch 2, 42mm Gold Aluminium Case with Cocoa Sport Band (Demo - Try On);DCOM;1;SFH7S72QEHDY0;195;;
7406;Achats;Bon de réception;En stock;BR-160253;10/11/2016;APP-3C339F/A;Apple Watch Nike+, 38mm Silver Aluminium Case with Flat Silver/White Nike Sport ;DCOM;1;SFH7S7168HF1L;180;;
7012;Achats;Bon de réception;En stock;BR-160243;07/11/2016;APP-3C354F/A;Apple Watch 2, 38mm Stainless Steel Case with White Sport Band (Demo - Try On);DCOM;1;SFH7SK1UJHDXD;0;;
8171;Achats;Bon de réception;En stock;BR-160282;25/11/2016;APP-3C360F/A;Apple Watch 2, 42mm Stainless Steel Case with White Sport Band (Demo - Try On);DCOM;1;SFH7SK1KFHDY3;0;;
7407;Achats;Bon de réception;En stock;BR-160253;10/11/2016;APP-3C565F/A;Apple Watch 1, 42mm Space Grey Aluminium Case with Black Sport Band (Demo - Try ;DCOM;1;SFHLS57LZHJLG;145;;
15670;Achats;Bon de réception;En stock;BR-170206;25/07/2017;APP-3C565F/A;Apple Watch 1, 42mm Space Grey Aluminium Case with Black Sport Band (Demo - Try ;DCOM;1;SFHLTV2EJHJLG;145;;
16287;Achats;Bon de réception;En stock;BR-170234;21/09/2017;APP-3D035F/A;iPhone 8 64GB Space Grey (Demo);DCOM;1;SC7CV83W2JC67;509,14;;
16288;Achats;Bon de réception;En stock;BR-170234;21/09/2017;APP-3D067F/A;iPhone 8 Plus 64GB Gold (Demo);DCOM;1;SC39V79A2JCM4;578,14;;
14372;Achats;Bon de réception;En stock;BR-170157;13/06/2017;APP-3D113NF/A;12.9-inch iPad Pro Wi-Fi 64GB - Space Grey (Demo);DCOM;1;SDLXTL1P4J262;596;;
15521;Achats;Bon de réception;En stock;BR-170199;18/07/2017;APP-3D116NF/A;10.5-inch iPad Pro Wi-Fi 64GB - Space Grey (Demo);DCOM;1;SDMPV12UUJ28K;483;;
14373;Achats;Bon de réception;En stock;BR-170157;13/06/2017;APP-3D119NF/A;10.5-inch iPad Pro Wi-Fi 64GB - Rose Gold (Demo);DCOM;1;SDMPTNHU7J28N;483;;
16245;Achats;Bon de réception;En stock;BR-170230;20/09/2017;APP-3D212F/A;Apple Watch Nike+ GPS, 38mm Silver Aluminium Case Only (Demo - Try On);DCOM;1;SFHLV562MJ8MR;207;;
16251;Achats;Bon de réception;En stock;BR-170231;20/09/2017;APP-3D215F/A;Apple Watch Series 3 GPS, 42mm Space Grey Aluminium Case Only (Demo - Try On);DCOM;1;SFHLV6N3HJ5X4;227;;
16252;Achats;Bon de réception;En stock;BR-170231;20/09/2017;APP-3D221F/A;Apple Watch Series 3 GPS + Cellular, 38mm Gold Aluminium Case Only (Demo - Try O;DCOM;1;SFH7V704QJ6GV;260;;
16250;Achats;Bon de réception;En stock;BR-170231;20/09/2017;APP-3D227F/A;Apple Watch Series 3 GPS + Cellular, 42mm Silver Aluminium Case Only (Demo - Try;DCOM;1;SFH7V712AJ6HW;280;;
16253;Achats;Bon de réception;En stock;BR-170231;20/09/2017;APP-3D228F/A;Apple Watch Series 3 GPS + Cellular, 42mm Space Grey Aluminium Case Only (Demo -;DCOM;1;SFHLV859JJ6HX;280;;
24775;Achats;Bon de réception;En stock;BR-180284;21/09/2018;APP-3D228F/A;Apple Watch Series 3 GPS + Cellular, 42mm Space Grey Aluminium Case Only (Demo -;DCOM;1;SG99X9HNHJ6HX;247;;
25656;Achats;Bon de réception;En stock;BR-180311;30/10/2018;APP-3D228F/A;Apple Watch Series 3 GPS + Cellular, 42mm Space Grey Aluminium Case Only (Demo -;DCOM;1;SG99XG4LNJ6HX;247,01;;
16246;Achats;Bon de réception;En stock;BR-170230;20/09/2017;APP-3D235F/A;Apple Watch Nike+ GPS + Cellular, 38mm Silver Aluminium Case Only (Demo - Try On;DCOM;1;SFH7V703NJ6HC;260;;
24776;Achats;Bon de réception;En stock;BR-180284;21/09/2018;APP-3D236F/A;Apple Watch Nike+ GPS + Cellular, 38mm Space Grey Aluminium Case Only (Demo - Tr;DCOM;1;SG99X606QJ6HD;227;;
25655;Achats;Bon de réception;En stock;BR-180311;30/10/2018;APP-3D236F/A;Apple Watch Nike+ GPS + Cellular, 38mm Space Grey Aluminium Case Only (Demo - Tr;DCOM;1;SG99X302LJ6HD;227,01;;
21508;Achats;Bon de réception;En stock;BR-180058;29/03/2018;APP-3D575NF/A;iPad Wi-Fi 32GB - Space Grey (Demo);DCOM;1;SF9FWCK1UJF8J;231;;
30977;Achats;Bon de réception;En stock;BR-190252;18/07/2019;APP-3D824F/A;iPhone XR 64GB White (Demo);DCOM;1;SDX3YP3AKKXK2;538,04;;
25817;Achats;Bon de réception;En stock;BR-180316;06/11/2018;APP-3D941NF/A;12.9-inch iPad Pro Wi-Fi 64GB - Space Grey (Demo);DCOM;1;SDLXXK9BSK7M9;730;;
24781;Achats;Bon de réception;En stock;BR-180284;21/09/2018;APP-3E097F/A;Apple Watch 4 GPS + Cellular, 40mm Silver Aluminium Case Only (Demo);DCOM;1;SFH7X704FKDTH;313;;
25441;Achats;Bon de réception;En stock;BR-180300;18/10/2018;APP-3E097F/A;Apple Watch 4 GPS + Cellular, 40mm Silver Aluminium Case Only (Demo);DCOM;1;SFH7X70PAKDTH;313,01;;
24782;Achats;Bon de réception;En stock;BR-180284;21/09/2018;APP-3E099F/A;Apple Watch 4 GPS + Cellular, 40mm Gold Aluminium Case Only (Demo);DCOM;1;SFHLX80VTKDTK;313;;
25236;Achats;Bon de réception;En stock;BR-180296;10/10/2018;APP-3E099F/A;Apple Watch 4 GPS + Cellular, 40mm Gold Aluminium Case Only (Demo);DCOM;1;SFHLXG1DPKDTK;313,01;;
24783;Achats;Bon de réception;En stock;BR-180284;21/09/2018;APP-3E103F/A;Apple Watch 4 GPS + Cellular, 44mm Silver Aluminium Case Only (Demo);DCOM;1;SFH7X7048KDTP;333;;
25238;Achats;Bon de réception;En stock;BR-180296;10/10/2018;APP-3E103F/A;Apple Watch 4 GPS + Cellular, 44mm Silver Aluminium Case Only (Demo);DCOM;1;SFHLXG2EDKDTP;333,01;;
24784;Achats;Bon de réception;En stock;BR-180284;21/09/2018;APP-3E104F/A;Apple Watch 4 GPS + Cellular, 44mm Space Grey Aluminium Case Only (Demo);DCOM;1;SFH7X82F2KDTQ;333;;
25442;Achats;Bon de réception;En stock;BR-180300;18/10/2018;APP-3E104F/A;Apple Watch 4 GPS + Cellular, 44mm Space Grey Aluminium Case Only (Demo);DCOM;1;SFH7X82H7KDTQ;333,01;;
25818;Achats;Bon de réception;En stock;BR-180316;06/11/2018;APP-3E148NF/A;11-inch iPad Pro Wi-Fi 64GB - Space Grey (Demo);DCOM;1;SDMPXL03TKD6J;583;;
25819;Achats;Bon de réception;En stock;BR-180316;06/11/2018;APP-3E149NF/A;11-inch iPad Pro Wi-Fi 64GB - Silver (Demo);DCOM;1;SDMPXK8LQKD6K;583;;
29058;Achats;Bon de réception;En stock;BR-190080;30/03/2019;APP-3F559NF/A;iPad mini Wi-Fi 64GB - Gold (Demo);DCOM;1;SDMPYDP5RLM95;296;;
29061;Achats;Bon de réception;En stock;BR-190081;30/03/2019;APP-3F561NF/A;10.5-inch iPad Air Wi-Fi 64GB - Silver (Demo);DCOM;1;SF9FYDAU1LMPF;370;;
30746;Achats;Bon de réception;En stock;BR-190242;28/06/2019;APP-3F758F/A;iPod touch 32GB - Blue (Demo);DCOM;1;SCCQYN6C4M939;168,22;;
30745;Achats;Bon de réception;En stock;BR-190242;28/06/2019;APP-3F761F/A;iPod touch 32GB - PRODUCT(RED) (Demo);DCOM;1;SCCQYM16GM93F;168,22;;
31940;Achats;Bon de réception;En stock;BR-190291;15/10/2019;APP-3F835NF/A;10.2-inch iPad Wi-Fi 32GB - Space Grey (Demo);DCOM;1;SF9FZFXD1MF3M;251;;
31491;Achats;Bon de réception;En stock;BR-190275;18/09/2019;APP-3F858F/A;iPhone 11 Pro 64GB Space Grey (Demo);DCOM;1;SDNPZ86LCN6Y2;727,04;;
31490;Achats;Bon de réception;En stock;BR-190275;18/09/2019;APP-3F859F/A;iPhone 11 Pro 64GB Silver (Demo);DCOM;1;SDNPZ91DXN6Y3;727,04;;
31489;Achats;Bon de réception;En stock;BR-190275;18/09/2019;APP-3F910F/A;iPhone 11 Pro Max 64GB Space Grey (Demo);DCOM;1;SF2LZ91HSN70R;790,04;;
31487;Achats;Bon de réception;En stock;BR-190275;18/09/2019;APP-3F913F/A;iPhone 11 Pro Max 64GB Midnight Green (Demo);DCOM;1;SF2LZ8AS2N70W;790,04;;
31485;Achats;Bon de réception;En stock;BR-190275;18/09/2019;APP-3F952F/A;iPhone 11 64GB Black (Demo);DCOM;1;SF4GZ94SSN735;509,04;;
31488;Achats;Bon de réception;En stock;BR-190275;18/09/2019;APP-3F953F/A;iPhone 11 64GB White (Demo);DCOM;1;SC7CZ86T0N736;509,04;;
31486;Achats;Bon de réception;En stock;BR-190275;18/09/2019;APP-3F954F/A;iPhone 11 64GB (PRODUCT)RED (Demo);DCOM;1;SC6KZ948XN737;509,04;;
31479;Achats;Bon de réception;En stock;BR-190274;18/09/2019;APP-3G085F/A;Apple Watch Series 5 GPS + Cellular, 44mm Silver Aluminium Case Only (Demo);DCOM;1;SFH7Z30VGMLDX;353;;
31480;Achats;Bon de réception;En stock;BR-190274;18/09/2019;APP-3G112F/A;Apple Watch Series 5 GPS + Cellular, 40mm Gold Aluminium Case Only (Demo);DCOM;1;SFH7Z45GEMLD3;333;;
35874;Achats;Bon de réception;En stock;BR-200013;28/05/2020;APP-3G356F/A;iPhone SE 64GB Black (Demo);DCOM;1;SFFWCH69QPLJQ;407,54;;
35875;Achats;Bon de réception;En stock;BR-200013;28/05/2020;APP-3G358F/A;iPhone SE 64GB (PRODUCT)RED (Demo);DCOM;1;SFFMCFM13PLJT;407,54;;
35757;Achats;Bon de réception;En stock;BR-200005;22/05/2020;APP-3G931NF/A;11-inch iPad Pro Wi-Fi 128GB - Space Grey (Demo);DCOM;1;SDMPCD2N9PTRF;588;;
35758;Achats;Bon de réception;En stock;BR-200005;22/05/2020;APP-3G933NF/A;12.9-inch iPad Pro Wi-Fi 128GB - Space Grey (Demo);DCOM;1;SDMPCC7WJPV03;735;;
38136;Achats;Bon de réception;En stock;BR-200126;17/09/2020;APP-3H134F/A;Apple Watch SE GPS, 40mm Gold Aluminium Case Only (Demo);COM;1;SG99D92H1Q07T;166,66;;
39103;Achats;Bon de réception;En stock;BR-200168;27/10/2020;APP-3H183NF/A;10.9-inch iPad Air Wi-Fi 64GB - Silver (Demo);DCOM;1;SDMPDG1LMQ16N;436,4;;
38928;Achats;Bon de réception;En stock;BR-200160;21/10/2020;APP-3H185NF/A;10.9-inch iPad Air Wi-Fi 64GB - Sky Blue (Demo);DCOM;1;SDMPDH21ZQ16Q;436,4;;
38135;Achats;Bon de réception;En stock;BR-200126;17/09/2020;APP-3H250F/A;Apple Watch Nike SE GPS + Cellular, 40mm Space Gray Aluminium Case Only (Demo);COM;1;SG99D61GQQ1NJ;200;;
38134;Achats;Bon de réception;En stock;BR-200126;17/09/2020;APP-3H260F/A;Apple Watch Series 6 GPS, 44mm Silver Aluminium Case Only (Demo);COM;1;SH4HD932QQ1RN;273,34;;
38133;Achats;Bon de réception;En stock;BR-200126;17/09/2020;APP-3H321F/A;Apple Watch Series 6 GPS + Cellular, 44mm Blue Aluminium Case Only (Demo);COM;1;SH4HD91WMQ1XR;340;;
39592;Achats;Bon de réception;En stock;BR-200195;14/11/2020;APP-3H441F/A;iPhone 12 Pro Max 128GB Graphite (Demo);COM;1;SF2LDL75W0D4Y;768,68;;
39593;Achats;Bon de réception;En stock;BR-200195;14/11/2020;APP-3H444F/A;iPhone 12 Pro Max 128GB Pacific Blue (Demo);COM;1;SF2LDL2ZK0D52;768,68;;
39590;Achats;Bon de réception;En stock;BR-200195;14/11/2020;APP-3H480F/A;iPhone 12 mini 64GB Black (Demo);COM;1;SF4GDJGS00GPP;494,76;;
39591;Achats;Bon de réception;En stock;BR-200195;14/11/2020;APP-3H481F/A;iPhone 12 mini 64GB White (Demo);COM;1;SC7CDH1WA0GPQ;494,76;;
39030;Achats;Bon de réception;En stock;BR-200164;23/10/2020;APP-3H522F/A;iPhone 12 64GB (PRODUCT)RED (Demo);COM;1;SFFMDH5FL0F0R;555,51;;
39031;Achats;Bon de réception;En stock;BR-200164;23/10/2020;APP-3H523F/A;iPhone 12 64GB Blue (Demo);COM;1;SFFMDD63A0F0V;555,51;;
39032;Achats;Bon de réception;En stock;BR-200164;23/10/2020;APP-3H555F/A;iPhone 12 Pro 128GB Gold (Demo);COM;1;SF17DJ7760D90;707,91;;
38131;Achats;Bon de réception;En stock;BR-200125;17/09/2020;APP-3YL92NF/A;10.2-inch iPad Wi-Fi 32GB - Space Grey (Demo);DCOM;1;SDMQDC0ABQ1GC;251,34;;
556;Stocks;Entrée en stock;En stock;IN-150172;31/12/2015;APP-MC344Z/A;Time Capsule 2To;DCOM;1;S6F038024AQP;304,65;;
554;Stocks;Entrée en stock;En stock;IN-150172;31/12/2015;APP-MC414Z/A;Borne d’accès Airport Express;DCOM;1;SC86LNAY1DV2R;72,3;;
1533;Stocks;Entrée en stock;En stock;IN-160002;31/12/2015;APP-MC414Z/A;Borne d’accès Airport Express;COM;1;APP-MC414Z/A***001;72,3;;
714;Stocks;Entrée en stock;En stock;IN-150173;31/12/2015;APP-MC721F/A;MacBook Pro 15 ;COM;1;MC721MANQUANT;1169,89;;
13507;Stocks;Transfert;En stock;VDCOM-170003;06/05/2017;APP-MC914ZM/A;Apple Thunderbolt Display 27;IMMOCOM;1;SC02GT48EDJGR;762,78;;
553;Stocks;Entrée en stock;En stock;IN-150172;31/12/2015;APP-MD031Z/A;Borne AirPort Extreme;DCOM;1;SC86GC25FDM72;99,04;;
13065;Stocks;Entrée en stock;En stock;IN-170004;24/04/2017;APP-MD387F/A;Mac Mini bicoeur Core i5 2,5Ghz/4G/500G/HD Graphics 4000 Démo;DCOM;1;SC07LR55FDWYL;448,22;;
716;Stocks;Entrée en stock;En stock;IN-150173;31/12/2015;APP-MD481ZD/A;iPod nano Slate;COM;1;MD481MANQUANT;128,53;;
543;Stocks;Entrée en stock;En stock;IN-150172;31/12/2015;APP-ME253F/A;Mac Pro Quad-core Xeon E5 3,7Ghz /12Gb/256Gb/Dual FirePro D300 2Gb;DCOM;1;SF5KLX032F9VM;2094,33;;
538;Stocks;Entrée en stock;En stock;IN-150172;31/12/2015;APP-ME276NF/A;iPad Mini Ecran Retina Wifi 16Go Gris sidéral;DCOM;1;SF4KM843MFCM5;230,87;;
491;Stocks;Entrée en stock;En stock;IN-150171;31/12/2015;APP-ME279NF/A;iPad mini écran Retina Wifi 16Go Argent;DEPCOM;1;SDQTM3VWPFCM8;230,87;;
7786;Achats;Bon de réception;En stock;BR-160264;18/11/2016;APP-ME780NF/A;iPad mini 2 Wi-Fi 16 Go - Noir DEMO;COM;1;SDLXLKCYLFCM5;268,4;;
539;Stocks;Entrée en stock;En stock;IN-150172;31/12/2015;APP-ME913NF/A;iPad Air Wi-Fi Retina 16Go Silver (Démo);DCOM;1;SDMQLKCM8FK14;284,35;;
19161;Achats;Bon de réception;En stock;BR-170326;12/12/2017;APP-ME918Z/A;AirPort Extreme 802.11ac;COM;1;SC86V83L8FJ1R;137,96;;
39560;Achats;Bon de réception;En stock;BR-200194;13/11/2020;APP-MGD83F/A;iPhone 12 Pro Max 128GB Silver;COM;1;SF2LDLC0T0D50;976,74;;
39514;Achats;Bon de réception;En stock;BR-200192;12/11/2020;APP-MGDA3F/A;iPhone 12 Pro Max 128GB Pacific Blue;COM;1;SF2LDL83F0D52;976,75;;
39564;Achats;Bon de réception;En stock;BR-200194;13/11/2020;APP-MGDA3F/A;iPhone 12 Pro Max 128GB Pacific Blue;COM;1;SF2LDM2KC0D52;976,74;;
39565;Achats;Bon de réception;En stock;BR-200194;13/11/2020;APP-MGDC3F/A;iPhone 12 Pro Max 256GB Graphite;COM;1;SF2LDJEN50D53;1069,74;;
39567;Achats;Bon de réception;En stock;BR-200194;13/11/2020;APP-MGDD3F/A;iPhone 12 Pro Max 256GB Silver;COM;1;SG0NDL2ZH0D54;1069,74;;
39568;Achats;Bon de réception;En stock;BR-200194;13/11/2020;APP-MGDD3F/A;iPhone 12 Pro Max 256GB Silver;COM;1;SG0NDL20Y0D54;1069,74;;
39508;Achats;Bon de réception;En stock;BR-200191;12/11/2020;APP-MGDX3F/A;iPhone 12 mini 64GB Black;COM;1;SF4HDKJP40GPP;627,86;;
39544;Achats;Bon de réception;En stock;BR-200194;13/11/2020;APP-MGDX3F/A;iPhone 12 mini 64GB Black;COM;1;SF4HDKNWV0GPP;627,85;;
39545;Achats;Bon de réception;En stock;BR-200194;13/11/2020;APP-MGDX3F/A;iPhone 12 mini 64GB Black;COM;1;SF4HDK31S0GPP;627,85;;
39773;Achats;Bon de réception;En stock;BR-200208;26/11/2020;APP-MGDX3F/A;iPhone 12 mini 64GB Black;COM;1;SF4GDPB240GPP;627,86;;
39510;Achats;Bon de réception;En stock;BR-200191;12/11/2020;APP-MGDY3F/A;iPhone 12 mini 64GB White;COM;1;SF4GDM26Y0GPQ;627,86;;
39547;Achats;Bon de réception;En stock;BR-200194;13/11/2020;APP-MGDY3F/A;iPhone 12 mini 64GB White;COM;1;SF4GDM0830GPQ;627,85;;
39548;Achats;Bon de réception;En stock;BR-200194;13/11/2020;APP-MGDY3F/A;iPhone 12 mini 64GB White;COM;1;SF4GDM0BM0GPQ;627,85;;
39549;Achats;Bon de réception;En stock;BR-200194;13/11/2020;APP-MGE03F/A;iPhone 12 mini 64GB (PRODUCT)RED;COM;1;SF71DL3TQ0GPR;627,85;;
39550;Achats;Bon de réception;En stock;BR-200194;13/11/2020;APP-MGE13F/A;iPhone 12 mini 64GB Blue;COM;1;SF4GDLWLS0GPT;627,85;;
39526;Achats;Bon de réception;En stock;BR-200193;12/11/2020;APP-MGE33F/A;iPhone 12 mini 128GB Black;COM;1;SF4GDK4L30GPW;666,74;;
39553;Achats;Bon de réception;En stock;BR-200194;13/11/2020;APP-MGE43F/A;iPhone 12 mini 128GB White;COM;1;SF71DL3TQ0GPX;666,74;;
39527;Achats;Bon de réception;En stock;BR-200193;12/11/2020;APP-MGE53F/A;iPhone 12 mini 128GB (PRODUCT)RED;COM;1;SC7CDL4H90GPY;666,74;;
39555;Achats;Bon de réception;En stock;BR-200194;13/11/2020;APP-MGE53F/A;iPhone 12 mini 128GB (PRODUCT)RED;COM;1;SC7CDM1B60GPY;666,74;;
39556;Achats;Bon de réception;En stock;BR-200194;13/11/2020;APP-MGE63F/A;iPhone 12 mini 128GB Blue;COM;1;SC7CDLEMN0GQ0;666,74;;
39485;Achats;Bon de réception;En stock;BR-200190;10/11/2020;APP-MGJ53F/A;iPhone 12 64GB Black;COM;1;SFFWDMW450F0N;705,3566667;;
39486;Achats;Bon de réception;En stock;BR-200190;10/11/2020;APP-MGJ53F/A;iPhone 12 64GB Black;COM;1;SFFVDM0Y90F0N;705,3566667;;
39487;Achats;Bon de réception;En stock;BR-200190;10/11/2020;APP-MGJ53F/A;iPhone 12 64GB Black;COM;1;SFFWDMVSG0F0N;705,3566667;;
38942;Achats;Bon de réception;En stock;BR-200162;21/10/2020;APP-MGJ63F/A;iPhone 12 64GB White;COM;1;SFFXDHDQB0F0Q;705,36;;
39489;Achats;Bon de réception;En stock;BR-200190;10/11/2020;APP-MGJ63F/A;iPhone 12 64GB White;COM;1;SFFXDMBY40F0Q;705,36;;
38944;Achats;Bon de réception;En stock;BR-200162;21/10/2020;APP-MGJ73F/A;iPhone 12 64GB (PRODUCT)RED;COM;1;SFFXDH2RW0F0R;705,36;;
39682;Achats;Bon de réception;En stock;BR-200202;19/11/2020;APP-MGJ83F/A;iPhone 12 64GB Blue;COM;1;SFFMDNMZD0F0V;705,3566667;;
39683;Achats;Bon de réception;En stock;BR-200202;19/11/2020;APP-MGJ83F/A;iPhone 12 64GB Blue;COM;1;SFFMDNMGB0F0V;705,3566667;;
39684;Achats;Bon de réception;En stock;BR-200202;19/11/2020;APP-MGJ83F/A;iPhone 12 64GB Blue;COM;1;SFFMDNNZ50F0V;705,3566667;;
38946;Achats;Bon de réception;En stock;BR-200162;21/10/2020;APP-MGJA3F/A;iPhone 12 128GB Black;COM;1;SFFWDH1MB0F0X;744,25;;
38947;Achats;Bon de réception;En stock;BR-200162;21/10/2020;APP-MGJA3F/A;iPhone 12 128GB Black;COM;1;SFFWDH1JE0F0X;744,25;;
39307;Achats;Bon de réception;En stock;BR-200179;05/11/2020;APP-MGJA3F/A;iPhone 12 128GB Black;COM;1;SFFXDK0TD0F0X;744,25;;
39329;Achats;Bon de réception;En stock;BR-200181;05/11/2020;APP-MGJA3F/A;iPhone 12 128GB Black;COM;1;SFFXDF0E00F0X;744,2466667;;
39330;Achats;Bon de réception;En stock;BR-200181;05/11/2020;APP-MGJA3F/A;iPhone 12 128GB Black;COM;1;SFFMDH17K0F0X;744,2466667;;
39331;Achats;Bon de réception;En stock;BR-200181;05/11/2020;APP-MGJA3F/A;iPhone 12 128GB Black;COM;1;SFFXDJ5Q80F0X;744,2466667;;
38954;Achats;Bon de réception;En stock;BR-200162;21/10/2020;APP-MGJC3F/A;iPhone 12 128GB White;COM;1;SFFMDF9ZZ0F0Y;744,25;;
39332;Achats;Bon de réception;En stock;BR-200181;05/11/2020;APP-MGJC3F/A;iPhone 12 128GB White;COM;1;SFFXDL0XV0F0Y;744,25;;
39651;Achats;Bon de réception;En stock;BR-200198;18/11/2020;APP-MGN63FN/A;MacBook Air 13 M1 CPU 8 coeurs et GPU 7 coeurs, 8Go, 256 Go SSD - Gris Sideral ;COM;1;SC02DL9B5Q6L4;799,71;;
14690;Stocks;Transfert;En stock;VDCOM-170007;22/06/2017;APP-MJVE2F/A;MacBook Air 13 bicoeur core i5 1,6Ghz/4Go/128Go flash;DEPCOM;1;SC02QG9FQG940;794,48;;
532;Stocks;Entrée en stock;En stock;IN-150172;31/12/2015;APP-MK452FN/A;iMac 21,5 Core i5 Quad Coeur 3.1 Ghz 4K/ 8 Go / 1To / Intel IrisPro Grap 6200;DCOM;1;SDGKQK0XCGG78;1210,48;;
533;Stocks;Entrée en stock;En stock;IN-150172;31/12/2015;APP-MK462FN/A;iMac 27 Core i5 Quad Coeur 3.2 Ghz 5K/ 8 Go / 1To / Radeon R9 M380 2Go;DCOM;1;SC02QF7X4GG7J;1496,35;;
4411;Achats;Bon de réception;En stock;BR-160137;26/07/2016;APP-MKU12ZD/A;iPhone 6s Plus 16GB Space Gray;COM;1;SFCCRX09WGRWF;659,3;;
25545;Achats;Bon de réception;En stock;BR-180306;26/10/2018;APP-ML8V2ZM/A;Powerbeats3 Wireless Earphones - Black;COM;1;SFV2VKN87GQ65;127,51;;
14590;Stocks;Transfert;En stock;VDCOM-170005;19/06/2017;APP-MLL42FN/A;MacBook Pro 13 Intel Core i5 bicœur à 2,0 GHz, 256 Go - Gris Sideral;DEPCOM;1;SC02SJHRJGVC1;1183,53;;
641;Stocks;Entrée en stock;En stock;IN-150173;31/12/2015;APP-MLNC2FD/A;Apple TV 64Gb;COM;1;SC0HQLWA4GXH8;167,27;;
643;Stocks;Entrée en stock;En stock;IN-150173;31/12/2015;APP-MLNC2FD/A;Apple TV 64Gb;COM;1;SC1MQL16WGXH8;167,27;;
1262;Achats;Bon de réception;En stock;BR-160013;29/01/2016;APP-MLNC2FD/A;Apple TV 64Gb;COM;1;SDY5QM25XGXH8;167,31;;
1263;Achats;Bon de réception;En stock;BR-160013;29/01/2016;APP-MLNC2FD/A;Apple TV 64Gb;COM;1;SDY5QM289GXH8;167,31;;
1264;Achats;Bon de réception;En stock;BR-160013;29/01/2016;APP-MLNC2FD/A;Apple TV 64Gb;COM;1;SDY5QM24ZGXH8;167,31;;
14422;Stocks;Transfert;En stock;VDCOM-170004;14/06/2017;APP-MNDY2FN/A;21.5-inch iMac with Retina 4K display: 3.0GHz quad-core Intel Core i5;DCOM;1;SC02TF1USJ1G5;1044,74;;
14420;Stocks;Transfert;En stock;VDCOM-170004;14/06/2017;APP-MNE92FN/A;27-inch iMac with Retina 5K display: 3.4GHz quad-core Intel Core i5;DCOM;1;SC02TH4Z8J1GG;1465,31;;
26724;Achats;Bon de réception;En stock;BR-180359;12/12/2018;APP-MNET2ZM/A;Casque BEATS Solo3 Wireless or rose;DCOM;1;SFL6WW2BJH8VJ;210,87;;
25543;Achats;Bon de réception;En stock;BR-180306;26/10/2018;APP-MNLV2ZM/A;BeatsX Earphones - Grey;COM;1;SFTRVF5FYHDQV;95,21;;
15715;Achats;Bon de réception;En stock;BR-170209;28/07/2017;APP-MNY32NF/A;iPad mini 4 Wi-Fi 32GB - Gold;DCOM;1;SDLXS7J3NHGJ3;321,57;;
10981;Achats;Bon de réception;En stock;BR-170036;24/01/2017;APP-MP582ZM/A;Casque BEATS Solo3 Wireless Noir;DCOM;1;SFL6STKSXHMC6;165,98;;
26725;Achats;Bon de réception;En stock;BR-180359;12/12/2018;APP-MP582ZM/A;Casque BEATS Solo3 Wireless Noir;DCOM;1;SFL6XC4SBHMC6;211,88;;
34971;Achats;Bon de réception;En stock;BR-190420;13/02/2020;APP-MP7P2FD/A;Apple TV 4K 64GB;COM;1;SC07ZXA8LHNM4;157,57;;
34972;Achats;Bon de réception;En stock;BR-190420;13/02/2020;APP-MP7P2FD/A;Apple TV 4K 64GB;COM;1;SC07ZXAJEHNM4;157,57;;
20134;Achats;Bon de réception;En stock;BR-180013;16/01/2018;APP-MQ2Y2FN/A;iMac Pro 27 5K 3GHz 8C Xeon W 32/SSD1To/RadeonPro Vega56-8;DCOM;1;SC02VT9W7HX87;3733,8;;
31001;Stocks;Transfert;En stock;VDCOM-180015;22/07/2019;APP-MQCY2ZM/A;Beats Studio3 Wireless Over-Ear Headphones - Blue;DCOM;1;SGD6Y4059J1FY;191,31;;
31817;Stocks;Entrée en stock;En stock;IN-190007;30/09/2019;APP-MQD02ZM/A;Beats Studio3 Wireless Over-Ear Headphones - Red;DCOM;1;SGD6Y12G3J1G0;191,31;;
16428;Achats;Bon de réception;En stock;BR-170240;22/09/2017;APP-MQD22FD/A;Apple TV 4K 32GB;DCOM;1;SDY3VDLC6J1WF;143,44;;
39752;Achats;Bon de réception;En stock;BR-200205;25/11/2020;APP-MQD22FD/A;Apple TV 4K 32GB;COM;1;SDY5DJK1HJ1WF;147,64;;
39753;Achats;Bon de réception;En stock;BR-200205;25/11/2020;APP-MQD22FD/A;Apple TV 4K 32GB;COM;1;SDY5DJJP9J1WF;147,64;;
39754;Achats;Bon de réception;En stock;BR-200205;25/11/2020;APP-MQD22FD/A;Apple TV 4K 32GB;COM;1;SDY5DJKC9J1WF;147,64;;
34450;Achats;Bon de réception;En stock;BR-190401;17/01/2020;APP-MQHV2F/A;HomePod - White;COM;1;SDQTVW3LVJ265;241,69;;
34451;Achats;Bon de réception;En stock;BR-190401;17/01/2020;APP-MQHV2F/A;HomePod - White;COM;1;SDLXW2WBPJ265;241,69;;
23117;Stocks;Transfert;En stock;VDCOM-180001;20/06/2018;APP-MQHW2F/A;HomePod - Space Grey;DCOM;1;SDLXWH4YXHQK8;255,93;;
25098;Stocks;Transfert;En stock;VDCOM-180010;03/10/2018;APP-MQHW2F/A;HomePod - Space Grey;DCOM;1;SDLXWFEEPHQK8;255,93;;
34452;Achats;Bon de réception;En stock;BR-190401;17/01/2020;APP-MQHW2F/A;HomePod - Space Grey;COM;1;SDLXVLRW3HQK8;241,69;;
34453;Achats;Bon de réception;En stock;BR-190401;17/01/2020;APP-MQHW2F/A;HomePod - Space Grey;COM;1;SDLXVK28KHQK8;241,69;;
37781;Ventes;Facture client;En stock;FCOM-2001720;27/08/2020;APP-MQKN2ZD/A;Apple Watch Series 3 GPS + Cellular, 42mm Space Grey Aluminium Case with Black S;COM;1;SG99WV532J6HX;359,26;0003617;BONNET LOUIS
25544;Achats;Bon de réception;En stock;BR-180306;26/10/2018;APP-MR3J2ZM/A;BeatsX Earphones - Matte Silver;COM;1;SFL6W58QDJC2H;95,21;;
30140;Stocks;Transfert;En stock;VDCOM-180014;09/05/2019;APP-MRT32FN/A;Imac 21 4K 3.0GHz quadricoeur i3 8GO SATA 1TB ;DCOM;1;SC02Y51G2JWDW;1019,5;;
36890;Achats;Bon de réception;En stock;BR-200064;01/07/2020;APP-MRY42ZD/A;iPhone XR 64GB Black;COM;1;SDX3CN2D5KXK1;550,35;;
25871;Achats;Bon de réception;En stock;BR-180322;07/11/2018;APP-MRYJ2ZD/A;iPhone XR 256GB Black;COM;1;SF4GXK304KXKG;789,05;;
28583;Achats;Bon de réception;En stock;BR-190057;26/02/2019;APP-MRYN2ZD/A;iPhone XR 256GB Yellow;COM;1;SF71XM1YFKXKK;789,05;;
28522;Achats;Bon de réception;En stock;BR-190055;13/02/2019;APP-MRYP2ZD/A;iPhone XR 256GB Coral;COM;1;SF71XR03EKXKL;789,05;;
30658;Achats;Bon de réception;En stock;BR-190237;25/06/2019;APP-MT502ZD/A;iPhone XS Max 64GB Space Grey;COM;1;SF2LYD5F8KPH1;963,38;;
26526;Achats;Bon de réception;En stock;BR-180350;04/12/2018;APP-MT532ZD/A;iPhone XS Max 256GB Space Grey;COM;1;SFFWXFF94KPH4;1095,71;;
26793;Achats;Bon de réception;En stock;BR-180364;13/12/2018;APP-MT9K2ZD/A;iPhone XS 256GB Gold;COM;1;SC39XQZ1NKPG6;1019,05;;
26794;Achats;Bon de réception;En stock;BR-180364;13/12/2018;APP-MT9K2ZD/A;iPhone XS 256GB Gold;COM;1;SC39XN2JRKPG6;1019,05;;
26645;Achats;Bon de réception;En stock;BR-180355;08/12/2018;APP-MT9L2ZD/A;iPhone XS 512GB Space Grey;COM;1;SC39XM4CTKPG7;1195,38;;
30002;Achats;Bon de réception;En stock;BR-190204;30/04/2019;APP-MU6F2NF/A;Apple Watch 4 GPS, 44mm Gold Aluminium Case with Pink Sand Sport Band;COM;1;SFHLXL0Q0KDH1;344,26;;
31815;Stocks;Entrée en stock;En stock;IN-190007;30/09/2019;APP-MV902FN/A;MACBOOK PRO TB 15.4 i7 2.6GHZ/16GB/RP555X/256GB-SPACE GRAY;DCOM;1;SC02YM53ELVCF;1861,86;;
39095;Achats;Bon de réception;En stock;BR-200167;27/10/2020;APP-MVH52FN/A;MacBook Air 13 pouces: Processeur Intel Core i5 quadricœur de 10e génération à 1;COM;1;SFVFD3AQ8M6KJ;1062,2;;
35463;Stocks;Transfert;En stock;VDCOM-180017;27/03/2020;APP-MVVJ2FN/A;MacBook Pro 16 pouces 2.6GHz i7 16GB/512GB/AMD5300M - Gris Sidéral;DCOM;1;SC02ZMCYZMD6M;1795,08;;
38678;Achats;Bon de réception;En stock;BR-200150;09/10/2020;APP-MWC32ZD/A;iPhone 11 Pro 64GB Silver;COM;1;SF17CP0DFN6Y3;816,2;;
33743;Achats;Bon de réception;En stock;BR-190377;20/12/2019;APP-MWC52ZD/A;iPhone 11 Pro 64GB Gold;COM;1;SDNPZQ84TN6Y4;889,56;;
33744;Achats;Bon de réception;En stock;BR-190377;20/12/2019;APP-MWC52ZD/A;iPhone 11 Pro 64GB Gold;COM;1;SDNPZQE14N6Y4;889,56;;
38776;Achats;Bon de réception;En stock;BR-200155;16/10/2020;APP-MWLX2ZD/A;iPhone 11 64GB Purple;COM;1;SG0NCT3WTN739;628;;
38777;Achats;Bon de réception;En stock;BR-200155;16/10/2020;APP-MWLY2ZD/A;iPhone 11 64GB Green;COM;1;SDX3D254GN73C;627,9;;
38780;Achats;Bon de réception;En stock;BR-200155;16/10/2020;APP-MWM22ZD/A;iPhone 11 128GB White;COM;1;SFK1D363EN73F;666,8;;
38781;Achats;Bon de réception;En stock;BR-200155;16/10/2020;APP-MWM42ZD/A;iPhone 11 128GB Yellow;COM;1;SDX3D52QSN73H;666,8;;
36900;Achats;Bon de réception;En stock;BR-200064;01/07/2020;APP-MWP22ZM/A;AirPods Pro;COM;1;SH19CRDYRLKKT;172,07;;
38788;Achats;Bon de réception;En stock;BR-200155;16/10/2020;APP-MWP22ZM/A;AirPods Pro;COM;1;SGX9D69KSLKKT;172,1;;
38789;Achats;Bon de réception;En stock;BR-200155;16/10/2020;APP-MWP22ZM/A;AirPods Pro;COM;1;SGX9D64YPLKKT;172,1;;
38792;Achats;Bon de réception;En stock;BR-200155;16/10/2020;APP-MWP22ZM/A;AirPods Pro;COM;1;SGWKD5R7ELKKT;172,1;;
38793;Achats;Bon de réception;En stock;BR-200155;16/10/2020;APP-MWP22ZM/A;AirPods Pro;COM;1;SGXDD65M7LKKT;172,1;;
38797;Achats;Bon de réception;En stock;BR-200155;16/10/2020;APP-MWP22ZM/A;AirPods Pro;COM;1;SGX9D61WQLKKT;172,1;;
35794;Achats;Bon de réception;En stock;BR-200009;23/05/2020;APP-MWP42FN/A;MacBook Pro 13" Touch Bar: i5 2,0 GHz, 16Go, 512Go - Gris sidéral ;DCOM;1;SC02CKCD5ML7H;1508,04;;
36024;Stocks;Transfert;En stock;VDCOM-200001;03/06/2020;APP-MWTJ2FN/A;MacBook Air 13 pouces Core i3 bicœur 10e gen. 1,1GHz, 8Go/256 Go - Gris sidéral;DCOM;1;SFVFC90NFMNHP;813,96;;
36026;Stocks;Transfert;En stock;VDCOM-200001;03/06/2020;APP-MWTK2FN/A;MacBook Air 13 pouces: Processeur Intel Core i3 bicœur de 10e génération à 1,1 G;DCOM;1;SFVFC52BQMNHQ;849,29;;
36022;Stocks;Transfert;En stock;VDCOM-200001;03/06/2020;APP-MWTL2FN/A;MacBook Air 13 pouces: Processeur Intel Core i3 bicœur de 10e génération à 1,1 G;DCOM;1;SFVFC915ZMNHR;813,96;;
35792;Achats;Bon de réception;En stock;BR-200008;23/05/2020;APP-MXK32FN/A;MacBook Pro 13 pouces avec Touch Bar i5 quadricoeur a 1,4 GHz, 8Go, SSD256Go - G;DCOM;1;SC02CJ00VP3XY;1061,79;;
39350;Achats;Bon de réception;En stock;BR-200184;05/11/2020;APP-MXK52FN/A;MacBook Pro 13 pouces avec Touch Bar i5 quadricoeur a 1,4 GHz, 8Go, SSD512Go - G;COM;1;SC02D30V2P3Y0;1239,3;;
37863;Achats;Bon de réception;En stock;BR-200119;04/09/2020;APP-MXWT2FN/A;iMac 27 ecran Retina 5K i5 hexacoeur 3,1 GHz, 8Go, SSD256Go, Pro 5300-4;DCOM;1;SC02CT8X9PN5T;1486,79;;
39654;Achats;Bon de réception;En stock;BR-200199;18/11/2020;APP-MYD82FN/A;MacBook Pro 13 M1 CPU 8 coeurs et GPU 8 coeurs, 8Go, 256 Go SSD - Gris Sideral;COM;1;SFVFDNHB8Q05D;1026,37;;
39479;Achats;Bon de réception;En stock;BR-200189;10/11/2020;APP-MYFM2NF/A;10.9-inch iPad Air Wi-Fi 64GB - Space Grey;COM;1;SGG7DKHT4Q16M;503,2;;
39480;Achats;Bon de réception;En stock;BR-200189;10/11/2020;APP-MYFM2NF/A;10.9-inch iPad Air Wi-Fi 64GB - Space Grey;COM;1;SGG7DKU02Q16M;503,2;;
39761;Achats;Bon de réception;En stock;BR-200207;25/11/2020;APP-MYFP2NF/A;10.9-inch iPad Air Wi-Fi 64GB - Rose Gold;COM;1;SGG7DKAVDQ16P;503,2;;
39240;Achats;Bon de réception;En stock;BR-200175;03/11/2020;APP-MYFT2NF/A;10.9-inch iPad Air Wi-Fi 256GB - Space Grey;COM;1;SGG7DG585Q16T;630,9;;
39363;Achats;Bon de réception;En stock;BR-200186;05/11/2020;APP-MYGW2NF/A;10.9-inch iPad Air Wi-Fi + Cellular 64GB - Space Grey;COM;1;SGG7DJ3RFQ190;608,2;;
39760;Achats;Bon de réception;En stock;BR-200206;25/11/2020;APP-MYH22NF/A;10.9-inch iPad Air Wi-Fi + Cellular 256GB - Space Grey;COM;1;SGG7DL1X7Q195;735,9;;
39234;Achats;Bon de réception;En stock;BR-200174;03/11/2020;APP-MYL92NF/A;10.2-inch iPad Wi-Fi 32GB - Space Grey;COM;1;SDMPDCQ7HQ1GC;293,1;;
39235;Achats;Bon de réception;En stock;BR-200174;03/11/2020;APP-MYL92NF/A;10.2-inch iPad Wi-Fi 32GB - Space Grey;COM;1;SDMPDCL3TQ1GC;293,1;;
39236;Achats;Bon de réception;En stock;BR-200174;03/11/2020;APP-MYL92NF/A;10.2-inch iPad Wi-Fi 32GB - Space Grey;COM;1;SDMPDCGFQQ1GC;293,1;;
39237;Achats;Bon de réception;En stock;BR-200174;03/11/2020;APP-MYL92NF/A;10.2-inch iPad Wi-Fi 32GB - Space Grey;COM;1;SDMPD55C2Q1GC;293,1;;
38430;Achats;Bon de réception;En stock;BR-200138;29/09/2020;APP-MYLA2NF/A;10.2-inch iPad Wi-Fi 32GB - Silver;COM;1;SDMPDD89SQ1GD;293;;
39274;Achats;Bon de réception;En stock;BR-200178;04/11/2020;APP-MYLA2NF/A;10.2-inch iPad Wi-Fi 32GB - Silver;COM;1;SDMPD53CEQ1GD;293,1;;
39275;Achats;Bon de réception;En stock;BR-200178;04/11/2020;APP-MYLA2NF/A;10.2-inch iPad Wi-Fi 32GB - Silver;COM;1;SDMPDHESUQ1GD;293,1;;
39276;Achats;Bon de réception;En stock;BR-200178;04/11/2020;APP-MYLD2NF/A;10.2-inch iPad Wi-Fi 128GB - Space Grey;COM;1;SDMQDH1NCQ1GG;368,5;;
39277;Achats;Bon de réception;En stock;BR-200178;04/11/2020;APP-MYLD2NF/A;10.2-inch iPad Wi-Fi 128GB - Space Grey;COM;1;SDMPDJWVMQ1GG;368,5;;
39232;Achats;Bon de réception;En stock;BR-200174;03/11/2020;APP-MYLE2NF/A;10.2-inch iPad Wi-Fi 128GB - Silver;COM;1;SDMPDJ2C9Q1GH;368,5;;
39233;Achats;Bon de réception;En stock;BR-200174;03/11/2020;APP-MYLE2NF/A;10.2-inch iPad Wi-Fi 128GB - Silver;COM;1;SDMPDHAT2Q1GH;368,5;;
39000;Achats;Bon de réception;En stock;BR-200163;22/10/2020;APP-MYLF2NF/A;10.2-inch iPad Wi-Fi 128GB - Gold;COM;1;SDMPDH9B2Q1GJ;368,4;;
176;Stocks;Entrée en stock;En stock;IN-150170;31/12/2015;BEA-BTPILLDUDEBK;Beats Pill Dude Noir;COM;1;BTPILLDUDEBK-004;25,06;;
177;Stocks;Entrée en stock;En stock;IN-150170;31/12/2015;BEA-BTPILLDUDEBK;Beats Pill Dude Noir;COM;1;BTPILLDUDEBK-005;25,06;;
178;Stocks;Entrée en stock;En stock;IN-150170;31/12/2015;BEA-BTPILLDUDEBK;Beats Pill Dude Noir;COM;1;BTPILLDUDEBK-006;25,06;;
35531;Stocks;Entrée en stock;En stock;IN-190013;31/03/2020;BEA-BTPILLDUDEBK;Beats Pill Dude Noir;COM;1;BEA-BTPILLDUDEBK***001;25;;
35532;Stocks;Entrée en stock;En stock;IN-190013;31/03/2020;BEA-BTPILLDUDEBK;Beats Pill Dude Noir;COM;1;BEA-BTPILLDUDEBK***002;25;;
179;Stocks;Entrée en stock;En stock;IN-150170;31/12/2015;BEA-BTPILLDUDEBL;Beats Pill Dude Bleu;COM;1;BTPILLDUDEBL-001;25,06;;
180;Stocks;Entrée en stock;En stock;IN-150170;31/12/2015;BEA-BTPILLDUDEBL;Beats Pill Dude Bleu;COM;1;BTPILLDUDEBL-002;25,06;;
181;Stocks;Entrée en stock;En stock;IN-150170;31/12/2015;BEA-BTPILLDUDEBL;Beats Pill Dude Bleu;COM;1;BTPILLDUDEBL-003;25,06;;
182;Stocks;Entrée en stock;En stock;IN-150170;31/12/2015;BEA-BTPILLDUDEBL;Beats Pill Dude Bleu;COM;1;BTPILLDUDEBL-004;25,06;;
186;Stocks;Entrée en stock;En stock;IN-150170;31/12/2015;BEA-BTPILLDUDERD;Beats Pill Dude Rouge;COM;1;BTPILLDUDERD-003;25,06;;
25096;Stocks;Transfert;En stock;VDCOM-180009;03/10/2018;BEA-BTPILLDUDERD;Beats Pill Dude Rouge;DCOM;1;BTPILLDUDERD-002;25,06;;
29427;Stocks;Entrée en stock;En stock;IN-190002;31/03/2019;BEA-BTPILLDUDERD;Beats Pill Dude Rouge;COM;1;BEA-BTPILLDUDERD***001;25;;
215;Stocks;Entrée en stock;En stock;IN-150170;31/12/2015;BEA-BTPILLV2WH;Beats Pill Blanc;COM;1;BTPILLV2WH-001;117,03;;
219;Stocks;Entrée en stock;En stock;IN-150170;31/12/2015;BEA-BTURBEATSIPH6GD;Beats Urbeats - Or;COM;1;BTURBEATSIPH6GD-002;56,22;;
5359;Achats;Bon de réception;En stock;BR-160191;23/09/2016;BEA-MKLF2ZM/A;Beats Solo2 Wireless - Casque supra-auriculaire sans fil - Gris sidéral;DCOM;1;SFL6S6RZKGH84;165,98;;
25092;Stocks;Transfert;En stock;VDCOM-180007;03/10/2018;BEA-MKLF2ZM/A;Beats Solo2 Wireless - Casque supra-auriculaire sans fil - Gris sidéral;COM;1;SFL6S6R4RGH84;165,98;;
4836;Achats;Bon de réception;En stock;BR-160174;23/08/2016;BEA-MLLG2ZM/A;Beats Solo2 Wireless - Casque supra-auriculaire sans fil - Or rose;DCOM;1;SFL6S3GRFGWL7;169,3;;
1337;Achats;Bon de réception;En stock;BR-160018;01/02/2016;DAT-DTL-GD4130BKK1;Douchette GRYPHON D4130 BLK USB M-I/F 1 D kit;DCOM;1;G15M25941;108,66;;
1338;Achats;Bon de réception;En stock;BR-160018;01/02/2016;DAT-DTL-GD4130BKK1;Douchette GRYPHON D4130 BLK USB M-I/F 1 D kit;DCOM;1;G15M25963;108,66;;
1339;Achats;Bon de réception;En stock;BR-160018;01/02/2016;DAT-DTL-GD4130BKK1;Douchette GRYPHON D4130 BLK USB M-I/F 1 D kit;DCOM;1;G15M25938;108,66;;
681;Stocks;Entrée en stock;En stock;IN-150173;31/12/2015;HAR-HKAURAAPWH;Enceinte Harman Kardon Aura Blanche;COM;1;TL0043-0027401;202,01;;
597;Stocks;Entrée en stock;En stock;IN-150173;31/12/2015;JBL-GOBLUE;Enceinte JBL GO Bluetooth Bleu;COM;1;ND0036-EF0114114;17,58;;
598;Stocks;Entrée en stock;En stock;IN-150173;31/12/2015;JBL-GOBLUE;Enceinte JBL GO Bluetooth Bleu;COM;1;ND0036-EF0114110;17,58;;
35526;Stocks;Entrée en stock;En stock;IN-190013;31/03/2020;JBL-GOBLUE;Enceinte JBL GO Bluetooth Bleu;COM;1;JBL-GOBLUE***001;18;;
602;Stocks;Entrée en stock;En stock;IN-150173;31/12/2015;JBL-GOGRAY;Enceinte JBL GO Bluetooth Grise;COM;1;ND0035-GF0108266;17,58;;
520;Stocks;Entrée en stock;En stock;IN-150172;31/12/2015;JBL-GOORG;Enceinte JBL GO Bluetooth Orange;DCOM;1;ND0033-HF5023853;0;;
608;Stocks;Entrée en stock;En stock;IN-150173;31/12/2015;JBL-GOPINK;Enceinte JBL GO Bluetooth Rose;COM;1;ND0034-GF0028127;17,58;;
611;Stocks;Entrée en stock;En stock;IN-150173;31/12/2015;JBL-GOPINK;Enceinte JBL GO Bluetooth Rose;COM;1;ND0034-GF0028124;17,58;;
612;Stocks;Entrée en stock;En stock;IN-150173;31/12/2015;JBL-GOPINK;Enceinte JBL GO Bluetooth Rose;COM;1;ND0034-HF5018928;17,58;;
613;Stocks;Entrée en stock;En stock;IN-150173;31/12/2015;JBL-GOTEAL;Enceinte JBL GO Bluetooth Turquoise;COM;1;ND0038-IF5030774;17,58;;
33664;Achats;Bon de réception;En stock;BR-190371;18/12/2019;LAC-STHG1000400;Disque Dur Mobile Drive STHG1000400 - 1 To - externe (portable) - USB 3.;COM;1;NL6E5376;54,79;;
33665;Achats;Bon de réception;En stock;BR-190371;18/12/2019;LAC-STHG1000400;Disque Dur Mobile Drive STHG1000400 - 1 To - externe (portable) - USB 3.;COM;1;NL6E537W;54,79;;
33670;Achats;Bon de réception;En stock;BR-190371;18/12/2019;LAC-STHG1000400;Disque Dur Mobile Drive STHG1000400 - 1 To - externe (portable) - USB 3.;COM;1;NL6E537Q;54,79;;
435;Stocks;Entrée en stock;En stock;IN-150170;31/12/2015;SYN-2393980;Synology Disk Station DS112j;COM;1;2393980-001;105,64;;
436;Stocks;Entrée en stock;En stock;IN-150170;31/12/2015;SYN-2543973;Synology DS413J;COM;1;2543973-001;240,08;;
