 ID;Code dŽp™t;Code article;Stock dŽp™t
ARDID;ArdGDepCode;ArdGArtCode;ArdStk
1;COM;ACC-100812;1
2;COM;ACC-1827-SS-N7;6
3;COM;ACC-2668152;1
4;COM;ACC-2698;1
5;COM;ACC-2704;1
6;COM;ACC-8178-SS-N6;3
7;COM;ACC-840692;1
10;COM;ACC-9892;3
11;COM;ACC-9908;2
12;COM;ACC-AC00452;9
13;COM;ACC-AC00460;3
15;COM;ACC-AC01040;1
17;COM;ACC-AZ331LG;1
18;COM;ACC-BAS4;1
19;COM;ACC-BONXS;1
20;COM;ACC-D2IPO4PO1BK;1
23;COM;ACC-EX175MP3;2
24;COM;ACC-F3Y121BF0.1M;2
26;COM;ACC-GR-ICLEAR-DUSK-N5;5
27;COM;ACC-LCDH3;1
28;COM;ACC-OZ-COAT-WT-N6-BL;1
29;COM;ACC-OZ-COAT-WT-N6-RD;1
30;COM;ACC-PATIN;1
31;COM;ACC-PROL;1
32;COM;ACC-SP100;1
34;COM;ACC-TRIPO;4
36;COM;ACC-WALL/EU;1
37;COM;ACC-WIFIRE;2
38;COM;ADA-F3Y119BF0.1M;2
39;COM;ADO-2556950;1
40;COM;ADO-ADB65136538;1
41;COM;AKG-HRMK181DJ;1
42;COM;AKG-HRMK420BLUFR;1
43;COM;ANI-CTR017740FR;1
44;COM;ANI-CTR017820FR;1
45;COM;APP-M8639G/A;3
46;COM;APP-M9109G/A;4
47;COM;APP-M9267G/A;5
48;COM;APP-M9319G/A;3
49;COM;APP-M9320G/A;1
50;COM;APP-M9321G/B;2
53;COM;APP-MA591ZM/C;8
54;COM;APP-MB112ZM/C;1
55;COM;APP-MB202G/A;5
56;COM;APP-MB203G/A;5
57;COM;APP-MB204G/A;5
59;COM;APP-MB571Z/A;1
60;COM;APP-MB572Z/B;3
65;COM;APP-MC360ZM/A;1
67;COM;APP-MC380Z/A;11
68;COM;APP-MC461Z/A;1
69;COM;APP-MC500ZM/A;5
71;COM;APP-MC747Z/A;8
74;COM;APP-MC940ZM/A;4
79;COM;APP-MD464ZM/A;2
80;COM;APP-MD504ZM/A;3
81;COM;APP-MD506Z/A;5
82;COM;APP-MD564ZM/A;1
83;COM;APP-MD565Z/A;6
84;COM;APP-MD592Z/A;3
85;COM;APP-MD813ZM/A;2
87;COM;APP-MD819ZM/A;20
88;COM;APP-MD821ZM/A;6
91;COM;APP-MD825ZM/A;6
96;COM;APP-MD861ZM/A;2
100;COM;APP-MF045ZM/A;1
104;COM;APP-MF217F/A;1
105;COM;APP-MF218F/A;1
106;COM;APP-MGNC2ZM/A;1
123;COM;APP-MJ2R2Z/A;5
124;COM;APP-MK0D2ZM/A;1
127;COM;APP-MKLM2ZM/A;1
130;COM;APP-MKLY2ZM/A;3
131;COM;APP-MKM12ZM/A;1
132;COM;APP-MKM22ZM/A;2
134;COM;APP-MKM42ZM/A;2
135;COM;APP-MKM52ZM/A;2
155;COM;APP-MLA22F/A;2
162;COM;APP-MLD32ZM/A;1
163;COM;APP-MLD42ZM/A;2
164;COM;APP-MLD52ZM/A;2
166;COM;ASC-HKDOCKIPBLACKGOLD;1
167;COM;ASC-SCICONGREEN;1
168;COM;AUD-AT-ATHANC7B;2
169;COM;AUD-AT-ATHFC707WH;1
170;COM;AVA-AVKB-T00;2
186;COM;BEE-100529;1
188;COM;BEE-100592;2
189;COM;BEE-100706;1
190;COM;BEE-100799;1
191;COM;BEE-100831;1
192;COM;BEE-100969;1
193;COM;BEE-101071;1
194;COM;BEE-101106;1
195;COM;BEE-101107;1
215;COM;BEE-BBX112A0;3
222;COM;CAB-1078404;4
223;COM;CAB-1805848;5
224;COM;CAB-AV10009QP2M;3
230;COM;CLE-PKP-100304;3
233;COM;CRU-CHES;2
234;COM;CRU-GB-L-003;1
235;COM;CRU-MUL7-002;5
236;COM;CRU-MUL7-003;5
237;COM;CRU-MUL7-004;2
238;COM;CRU-SLF-004;1
239;COM;CYG-CY1095POPB2FR;1
242;COM;EDI-AURORA-SB;2
243;COM;ELG-1MO108501000FR;1
244;COM;FIL-H1858F/A;1
248;COM;GEA-PG309;1
249;COM;GOP-HDMI3;2
250;COM;GOP-RIDE;1
251;COM;GRI-GA23102FR;2
253;COM;GRI-GB36142;5
257;COM;GRI-GB40543;1
259;COM;GRI-GC10038FR;2
260;COM;GRI-GC17055FR;1
263;COM;HEN-HDSHDA01CLIQUEFR;2
265;COM;INC-INCIM241FR;1
266;COM;INC-IP871EUFR;5
268;COM;INC-IPH808FR;2
270;COM;JAB-HALO2MFI;1
271;COM;JBL-HRMJBLONAIRWBLKEU;1
272;COM;JBL-HRMJBLONBEATWHTEU;1
274;COM;KAN-KANAIRBLUEFR;1
275;COM;KAS-DONBLA13;1
276;COM;KAS-DONBLA15;1
277;COM;KAS-DONBLU13;1
278;COM;KAS-DONBLU15;1
280;COM;KAS-DONGRE15;1
282;COM;KEN-K39565EU;1
283;COM;KEN-K39567EU;1
287;COM;KNO-55-256-BRN;1
288;COM;KNO-55-257-BRN;1
289;COM;KNO-57-090-SAN;1
295;COM;LIF-3058366;1
296;COM;MAC-BSTANDM4-B;4
302;COM;MAC-IP-PH808-T4;3
303;COM;MAC-WIFISD;1
309;COM;MAR-MS-IPAD-CLR;1
310;COM;MAR-MW-MS-IPAD-BLK;2
311;COM;MAR-STANMORE;1
316;COM;MCA-MCAHKCOLOUDPREMIUM;1
317;COM;MCL-CG-292CZ;8
318;COM;MCL-CG-293CZ;5
320;COM;MEM-1490930;2
321;COM;MEM-2169588;2
322;COM;MIC-GZA-00286;4
324;COM;MOB-2913445;1
325;COM;MOB-3064758;4
326;COM;MOB-MO2212A;5
328;COM;MOS-99MO020970;2
329;COM;MOS-99MO020971;2
332;COM;MOS-99MO054003;1
344;COM;MOS-99MO079411;2
345;COM;MOS-99MO079501;1
347;COM;MOS-99MO080001;2
349;COM;MOS-99MO080411;4
351;COM;MOS-MTEL20001BLK;1
353;COM;MOS-MTIA50-003BLK;1
355;COM;MOX-IQUADRO;2
356;COM;MTA-JMTABLE;1
358;COM;MUV-MUCMPPSIPT4G001;1
359;COM;MUV-MUCUNHO002;1
360;COM;MUV-MUCUNPS080;1
361;COM;MUV-MUDKCIP4002;2
362;COM;MUV-MUSTKIP4003;2
363;COM;MUV-MUSTKIPAD001;1
364;COM;MUV-MUSTKIPAD007;1
365;COM;MYF-MUBMC0104;2
367;COM;NAG-3269941;4
369;COM;NAT-GRIPNATVIPAD;6
370;COM;NAT-GW-AIR2-GRY;5
373;COM;NOR-2107TB15;1
374;COM;OLI-OX-48773;3
376;COM;OTT-3031748;5
377;COM;OTT-3031750;6
379;COM;OTT-3205618;1
381;COM;OTT-3222547;5
382;COM;PAR-2937100;1
383;COM;PHI-SHB9100WHITE;1
384;COM;PNY-P-MEMEXP256U1-EF;2
387;COM;PUR-IPC64703BLUE;1
389;COM;ROX-HRMREF250OPFR;2
391;COM;SEE-0196-SJCLPAD2SGG;1
392;COM;SEN-HD238;2
393;COM;SON-SNYMDRV700DJCE7FR;1
397;COM;SPE-MB-A4124;2
398;COM;SPE-MB-A4125;2
409;COM;THU-TAIE4124K;1
411;COM;THU-TCBP317K;2
412;COM;THU-TGAE2253;2
413;COM;THU-TGAE2254;3
414;COM;THU-TGSE2253;1
416;COM;THU-TMPA113;1
417;COM;THU-TSBE2115;1
419;COM;TRA-3143930;1
424;COM;TUC-BFUSMB15RZFR;1
425;COM;TWE-121114-FR;1
426;COM;V7-V7CBP1-9E;2
428;COM;WIT-70005701;1
429;COM;WIT-70027901;1
431;COM;XDO-XD427753;1
432;COM;XDO-XD427883;3
433;COM;XDO-XD434683;2
434;COM;XDO-XD434690;1
435;COM;XDO-XD434713;1
436;COM;XSO-OCL/BLA;1
437;COM;XSO-USH/SIL;1
438;COM;XSO-USHB2/BLA;1
439;COM;ZUM-TLTMV9ZUMOTFR;3
440;COM;ALT-MP450;1
604;COM;APP-MC556Z/B;2
671;COM;MOS-99MO080901;2
673;COM;XER-006R03026;1
677;COM;ZAG-ZGUNM2-BKF;1
712;COM;APP-MM282ZM/A;1
716;COM;APP-MM252ZM/A;1
719;COM;APP-MM242ZM/A;1
720;COM;APP-MM272ZM/A;1
728;COM;APP-MM2F2ZM/A;1
731;COM;APP-MM2K2ZM/A;1
732;COM;APP-MMG62ZM/A;1
733;COM;APP-MM2H2ZM/A;1
740;COM;MOS-99MO075001;1
748;COM;APP-MMHG2ZM/A;1
753;COM;APP-MM2L2ZM/A;1
763;COM;MOS-99MO086001;2
764;COM;MOS-99MO086005;2
765;COM;MOS-99MO086003;2
777;COM;PNY-P-MEMEXP128U1-EF;2
784;COM;APP-MLLC2ZM/A;1
788;COM;APP-ML8K2ZM/A;1
789;COM;APP-ML8L2ZM/A;1
805;DCOM;APP-MM2L2ZM/A;1
866;DCOM;APP-3C607ZM/A;1
867;DCOM;APP-3C639ZM/A;1
870;COM;APP-MMX62ZM/A;7
871;COM;APP-MMTN2ZM/A;7
881;COM;APP-MMY52ZM/A;1
918;COM;APP-MJ262Z/A;4
921;COM;APP-MB570Z/B;1
936;DCOM;APP-3C579ZM/A;1
938;DCOM;APP-3C633ZM/A;1
941;DCOM;APP-3C644ZM/A;1
943;DCOM;APP-3C094ZM/A;1
960;COM;APP-MJ1M2ZM/A;1
970;COM;KAI-K1-FREE-ROUG;1
971;COM;KAI-K1SWELL-GRCH;1
975;COM;KAI-K1-CHILL-NOIR;1
976;COM;KAI-K1-CHILL-GRCH;1
978;COM;BEE-101497;1
980;COM;PUR-IPC647SENSETR;4
1009;COM;APP-MMEL2ZM/A;6
1017;COM;GRI-GB41356;1
1022;COM;QDO-QD-7521-TG;1
1028;COM;QDO-QD-7931-CS;6
1029;COM;QDO-QD-7931-ML;1
1030;COM;QDO-QD-7931-SC;4
1036;COM;QDO-QD-8021-TG;1
1037;COM;QDO-QD-8021-TGBS;1
1038;COM;QDO-QD-8021-TGK;1
1039;COM;QDO-QD-8021-TGPR;4
1043;COM;QDO-QD-76S45-TOPGO;1
1044;COM;QDO-QD-76S45-TOPRG;2
1049;COM;QDO-STENIMBUS-BK;1
1052;COM;APP-MJ1L2ZM/A;8
1056;COM;APP-MMT12ZM/A;2
1072;DCOM;APP-MK0C2ZM/A;3
1073;COM;MIC-W6F-00902;1
1077;COM;APP-MLL82ZM/A;12
1078;COM;APP-MNF82Z/A;3
1084;COM;WHO-31500MLSSC;1
1093;COM;AII-AIMBA13M-BLK;1
1102;COM;APP-MM232ZM/A;1
1104;COM;APP-MMG72ZM/A;1
1127;COM;ASC-HKDOCKIPBLACKPURP;1
1143;DCOM;APP-3C885ZM/A;1
1149;DCOM;APP-3C628ZM/A;2
1158;COM;APP-MQ4M2ZM/A;1
1160;COM;APP-MNYW2ZM/A;3
1177;COM;APP-MNHF2ZM/A;13
1185;COM;CAS-CSIE2143ALK;1
1376;COM;MOS-99MO023002;1
1377;COM;MOS-99MO084200;2
1378;COM;MOS-99MO084204;11
1379;COM;MOS-99MO084206;7
1380;COM;MOS-99MO084207;7
1381;COM;MOS-99MO023208;2
1382;COM;MOS-99MO084201;3
1383;COM;MOS-99MO084202;2
1426;DCOM;APP-MPTL2F/A;2
1437;COM;APP-MQ052F/A;3
1438;DCOM;APP-3C843ZM/A;1
1439;DCOM;APP-3C847ZM/A;1
1440;DCOM;APP-3C890ZM/A;1
1441;DCOM;APP-3C839ZM/A;1
1451;COM;APP-MPUN2ZM/A;1
1454;COM;PUR-IPC747PLASMA-BLK;8
1504;COM;ELE-EMT322100DZ11;1
1508;COM;APP-MQHJ2ZM/A;2
1529;COM;APP-MQH02ZM/A;1
1535;COM;APP-MR3Q2ZM/A;2
1539;COM;QDO-QD-1045-K;5
1541;DCOM;APP-3D357ZM/A;1
1542;DCOM;APP-3D350ZM/A;1
1552;COM;CAS-CSIE2145MI;8
1553;COM;CAS-CSIE2145K;5
1554;COM;CAS-CSIE2145CO;8
1557;COM;TUC-BFEMB215SG;3
1580;COM;APP-MQGY2ZM/A;2
1592;COM;BEE-101638;3
1595;COM;BEE-101619;1
1596;COM;BEE-101313;3
1608;COM;APP-MQT22ZM/A;2
1625;COM;MOS-99MO084209;2
1628;COM;MOS-99MO084212;6
1629;COM;MOS-99MO022071;4
1630;COM;INC-INPH170251BL;2
1635;COM;APP-MK122Z/A;3
1657;COM;LIF-77-57405;2
1658;COM;LIF-77-57194;1
1659;COM;LIF-77-57418;2
1660;COM;LIF-77-56788;2
1682;COM;APP-MRGE2ZM/A;1
1689;COM;APP-MRMH2F/A;2
1698;DCOM;APP-3C653ZM/A;1
1700;COM;APP-MGQR2ZM/A;1
1763;COM;APP-MRWF2ZM/A;2
1767;COM;APP-MRWQ2ZM/A;6
1768;COM;APP-MRWR2ZM/A;4
1769;COM;APP-MRWT2ZM/A;6
1770;COM;APP-MRWU2ZM/A;4
1774;COM;APP-MTEV2ZM/A;1
1784;DCOM;APP-3D950ZM/A;1
1785;DCOM;APP-3D964ZM/A;1
1786;DCOM;APP-3D988ZM/A;1
1787;DCOM;APP-3E047ZM/A;1
1788;DCOM;APP-3E309ZM/A;1
1789;DCOM;APP-3E310ZM/A;1
1794;COM;MEE-MW-410082;1
1798;COM;APP-MRWW2ZM/A;4
1801;COM;APP-MRW82ZM/A;2
1802;COM;APP-MRWV2ZM/A;4
1809;COM;APP-MR2A2ZM/A;4
1810;COM;APP-MJYT2ZM/A;3
1853;COM;QDO-QD106521TGBS;11
1857;COM;QDO-QD106121TG;7
1860;COM;QDO-QD106533CL;9
1869;COM;APP-MU8F2ZM/A;4
1871;COM;APP-MU8H2F/A;1
1885;COM;APP-MRX72ZM/A;1
1886;COM;APP-MRX82ZM/A;2
1887;COM;APP-MRX92ZM/A;2
1889;COM;APP-MRXE2ZM/A;2
1909;COM;APP-MU7E2ZM/A;6
1910;COM;APP-MUFG2ZM/A;1
1918;COM;APP-MRW62ZM/A;6
1919;COM;ACC-AVKB-T00;2
1944;COM;APP-MKQ42ZM/A;3
1964;COM;APP-MVQG2ZM/A;2
1967;COM;APP-MVQF2ZM/A;1
1974;COM;APP-MR8U2ZM/A;1
1981;COM;QDO-QD-10613821K;1
1989;COM;STM-222-216L-01;1
1991;COM;APP-MM4T2ZM/A;2
2012;COM;APP-MRW22ZM/A;4
2017;COM;QDO-QD-5139C-HUBSG;10
2073;DCOM;APP-3D990ZM/A;1
2074;DCOM;APP-3E046ZM/A;1
2080;COM;APP-MWVU2ZM/A;3
2088;COM;APP-MWVG2ZM/A;5
2089;COM;APP-MX0H2ZM/A;6
2090;COM;APP-MWYK2ZM/A;6
2091;COM;APP-MWYE2ZM/A;2
2099;COM;QDO-QD-1033-CL;4
2122;COM;APP-MWYH2ZM/A;1
2125;COM;APP-MWYN2ZM/A;1
2129;COM;APP-MWYV2ZM/A;2
2139;COM;APP-MX2E2ZM/A;4
2140;COM;APP-MX2H2ZM/A;5
2141;COM;APP-MX0J2ZM/A;5
2142;COM;APP-MX0K2ZM/A;11
2154;COM;QDO-QD-1133-CL;2
2155;COM;QDO-QD-116533-CL;7
2172;COM;APP-MWVX2ZM/A;1
2173;COM;APP-MWYG2ZM/A;2
2175;COM;APP-MXLY2ZM/A;19
2178;COM;APP-MWU62ZM/A;1
2181;COM;APP-MX3Q2ZM/A;1
2187;COM;BEL-F7U083VFWHT;1
2188;COM;BEL-F7U082VFBLK;2
2192;COM;APP-MUF82ZM/A;10
2194;COM;QDO-QD-31140-K;2
2195;COM;QDO-QD-310540-K;4
2204;COM;BEL-F4U092BTSGY;2
2209;COM;APP-MXQT2F/A;1
2211;COM;APP-MXNK2F/A;1
2240;COM;APP-MXYJ2ZM/A;2
2241;COM;APP-MXYK2ZM/A;3
2242;COM;APP-MXYH2ZM/A;1
2252;COM;APP-MWYL2ZM/A;2
2253;COM;APP-MXT92ZM/A;1
2254;COM;APP-MXTD2ZM/A;1
2255;COM;APP-MXT82ZM/A;1
2258;COM;APP-MXT32ZM/A;1
2259;COM;APP-MWYX2ZM/A;2
2260;COM;APP-MWYY2ZM/A;1
2261;COM;APP-MX0G2ZM/A;1
2268;COM;APP-MXNU2ZM/A;1
2270;COM;APP-MXP02ZM/A;1
2271;COM;APP-MTPK2ZM/A;1
2279;COM;APP-MLFQ2ZM/A;2
2292;COM;APP-MXYL2ZM/A;1
2300;COM;APP-3H110ZM/A;1
2324;COM;BEL-WIZ002VFBK;11
2325;COM;BEL-WIZ002VFWH;6
2326;COM;BEL-F7U096VF04-WHT;2
2327;COM;BEL-CCD001BT1MBK;1
2329;COM;APP-MGYR3ZM/A;1
2331;COM;APP-MGYQ3ZM/A;1
2350;COM;APP-MHL23ZM/A;1
2352;COM;APP-MHKY3ZM/A;2
2353;COM;APP-MHL33ZM/A;1
2354;COM;APP-MHL03ZM/A;3
2355;COM;APP-MHL53ZM/A;3
2356;COM;APP-MHL73ZM/A;4
2358;COM;APP-MHLM3ZM/A;7
2359;COM;APP-MHXH3ZM/A;11
2360;COM;APP-MHJE3ZM/A;1
2362;COM;APP-MHLP3ZM/A;3
2364;COM;APP-MHLT3ZM/A;4
2383;COM;BEL-F7U097VFWHT;3
2384;COM;BEL-WIA001VFBK;8
2385;COM;BEL-WIA001VFWH;10
2392;COM;QDO-QD-9206121-TG;19
2393;COM;QDO-QD-9206521-TG;7
2397;COM;QDO-QD-9205431-LK;10
2398;COM;QDO-QD-9206131-LN;7
2399;COM;QDO-QD-9206131-LK;10
2400;COM;QDO-QD-9206531-LN;5
2401;COM;QDO-QD-9206531-LK;5
2402;COM;QDO-QD-9205433-CL;17
2403;COM;QDO-QD-9206133-CL;11
2404;COM;QDO-QD-9206133-NCL;2
2405;COM;QDO-QD-9206133-SGCL;3
2406;COM;QDO-QD-9206533-CL;9
2407;COM;QDO-QD-9205421-TG;16
2408;COM;QDO-QD-3109240-K;3
2409;COM;QDO-QD-31292040-K;2
2410;COM;QDO-QD-3112040-K;1
2411;COM;QDO-QD-78221-TG;14
2437;COM;APP-MHKL3ZM/A;1
2438;COM;APP-MGN13ZM/A;5
2442;COM;APP-MHLE3ZM/A;2
2443;COM;APP-MHLA3ZM/A;2
2444;COM;APP-MHLD3ZM/A;2
2445;COM;APP-MHLG3ZM/A;5
2446;COM;APP-MHLF3ZM/A;2
2449;COM;APP-MHKQ3ZM/A;2
2450;COM;APP-MHKX3ZM/A;1
2451;COM;APP-MHKW3ZM/A;2
2452;COM;APP-MHKA3ZM/A;1
2453;COM;APP-MHK73ZM/A;1
2467;COM;APP-MQ4H2ZM/A;3
2470;COM;APP-MH0A3ZM/A;1
2472;COM;APP-MX4U2ZM/A;3
2483;COM;APP-MHL83ZM/A;2
2484;COM;APP-MHL93ZM/A;1
2485;COM;APP-MHLC3ZM/A;2