Code;Libellé;STOCK À TRANSFÉRER SUR GLE;3LETTRES;Nouvelle Référence GLE;Serialisation;GAMME;CATEGORIE;COLLECTION;NATURE;FAMILLE;N° DE SÉRIE;Prix vente HT;Prix achat HT;Emplacement stock;Nom fournisseur;Code barre;
THZ192FR;Targus THZ192FR Versavu Etui rotatif pour iPad Air avec clavier Azerty noir;105;TAR-;TAR-THZ192FR;NUFARTSTKSTD;TEXTILE;TEXTILE;TARGUS;POCHETTES;0;; 	40,83  € ; 	14,99  € ;D0+E0+SR+AMAZON;;5051794011517;
064690-62;Fiche US femelle coudée 250 V/AC;77;GEN-;GEN-064690-62;NUFARTSTKSTD;MATERIEL;ACCESSOIRES;GENERIQUE;0;0;; 	4,50  € ; 	-      ;K2;;064690-62;
WIN7;Windows 7;68;MIC-;MIC-WIN7;NUFARTSTKSTD;LOGICIELS;LOGICIELS;MICROSOFT;SYSTEME;0;; 	15,00  € ; 	149,00  € ;C2;SOFTWARE BILLIGER.DE;WIN7;
IPADCASE360NOIRAIR2;Housse Intégrale Générique 360° iPad Air 2 Noire  ;56;GEN-;GEN-IPADCASE360NOIRAIR2;NUFARTSTKSTD;TEXTILE;TEXTILE;GENERIQUE;POCHETTES;0;; 	33,33  € ; 	11,00  € ;F2;ALIEXPRESS;IPADCASE360NOIRAIR2;
532300;Cordon USB 2.0 AB M/M 5 M STD;53;CAB-;CAB-532300;NUFARTSTKSTD;MATERIEL;ACCESSOIRES;GENERIQUE;0;0;; 	-      ; 	10,00  € ;I5;;3524890532306;
2061404;Plastron 45x45 HDMI 1.4 F-M - AWG28 - 5m;36;NEK-;NEK-2061404;NUFARTSTKSTD;MATERIEL;RESEAU;NEKLAN;ACCESSOIRES;0;; 	19,00  € ; 	25,00  € ;L3;NEKLAN;3662247180920;
9951017;Boitier saillie alu 45x45 – 3 box 45x45 (185x70x60 mm);29;RES-;RES-9951017;NUFARTSTKSTD;MATERIEL;RESEAU;GENERIQUE;ACCESSOIRES;0;; 	29,00  € ; 	28,50  € ;L3;NEKLAN;3662247189725;
TC2 USBB;VISION TECHCONNECT V2 MODULE USB B (À LAVANT) VERS BOOSTER ACTIF A;45;VIS;VISTC2 USBB;NUFARTSTKSTD;MATERIEL;ACCESSOIRES;VISION;0;0;; 	32,00  € ; 	32,00  € ;K2;TECH DATA FRANCE;;
CABMDVGA;Cable mini display vers VGA;45;CAB-;CAB-CABMDVGA;NUFARTSTKSTD;MATERIEL;ACCESSOIRES;GENERIQUE;0;0;; 	19,00  € ; 	35,00  € ;J2;ALIEXPRESS;SKU015028-W;
TC2HDMI;VISION TechConnect - Plaque modulaire enclenchable - HDMI ;43;VIS-;VIS-TC2HDMI;NUFARTSTKSTD;MATERIEL;ACCESSOIRES;VISION;0;0;; 	16,49  € ; 	-      ;K2;;TC2HDMI;
TC23MUSB;Vision Techconnect 2 - Câble USB - USB à 4 broches, type A (M) - USB à 4 broches;41;VIS;VISTC23MUSB;NUFARTSTKSTD;MATERIEL;ACCESSOIRES;VISION;0;0;; 	4,20  € ; 	9,00  € ;I5;;3004700000008;
41931;Câble USB 2.0 type A/A, 0,5m;39;CAB-;CAB-41931;NUFARTSTKSTD;MATERIEL;ACCESSOIRES;GENERIQUE;0;0;; 	1,56  € ; 	1,56  € ;I2;LINDY France SARL;4002888419314;
TC2BACKBOX1G;VISION TechConnect - Boîtier arrière - commande unique ;37;VIS-;VIS-TC2BACKBOX1G;NUFARTSTKSTD;MATERIEL;ACCESSOIRES;VISION;0;0;; 	5,76  € ; 	-      ;K5;;1643922000001;
ADAPTMD;Adaptateur mini display port vers VGA/DVI/HDMI - Noir;37;CAB-;CAB-ADAPTMD;NUFARTSTKSTD;MATERIEL;ACCESSOIRES;GENERIQUE;0;0;; 	29,00  € ; 	27,55  € ;J2;ALIEXPRESS;ADAPTMD;
B00P6JKACS;Adaptateur Display vers VGA;36;CAB-;CAB-B00P6JKACS;NUFARTSTKSTD;MATERIEL;ACCESSOIRES;GENERIQUE;0;0;; 	15,00  € ; 	35,74  € ;K1;;B00P6JKACS;
2051027;Plastron 45x45 HD15 F / M + Jack 3.5 stéréo F / M - AWG28 - 5 m;35;GEN-;GEN-2051027;NUFARTSTKSTD;MATERIEL;RESEAU;GENERIQUE;ACCESSOIRES;0;; 	25,66  € ; 	31,20  € ;L3;TECH DATA FRANCE;3662247122043;
C5SG0050;Cordon RJ45 Cat 5e F/UTP Primacy 0.5m beige;35;CAB-;CAB-C5SG0050;NUFARTSTKSTD;MATERIEL;ACCESSOIRES;GENERIQUE;0;0;; 	1,52  € ; 	1,52  € ;I4;EDOX;C5SG0050;
MQPC7007F;Plastron USB Femelle 0,15m;34;GEN-;GEN-MQPC7007F;NUFARTSTKSTD;MATERIEL;RESEAU;GENERIQUE;ACCESSOIRES;0;; 	11,74  € ; 	11,74  € ;K3;;MQPC7007F;
4985;Plastron 1 RJ45 45x45 blanc;31;GEN-;GEN-4985;NUFARTSTKSTD;MATERIEL;ACCESSOIRES;GENERIQUE;0;0;; 	1,56  € ; 	1,52  € ;K4;EDOX;4985;
3545411211579;Clips irldiametre 20;30;GEN-;GEN-3545411211579;NUFARTSTKSTD;MATERIEL;ACCESSOIRES;GENERIQUE;0;0;; 	4,35  € ; 	4,35  € ;K5;BRICO DEPOT;;
S0610435;CÂBLE RJ45 CATÉGORIE 5E F/UTP 1 M (BEIGE);29;CAB-;CAB-S0610435;NUFARTSTKSTD;MATERIEL;ACCESSOIRES;GENERIQUE;0;0;; 	3,32  € ; 	3,32  € ;;LDLC PRO;3700224718077;
B2B069-C00;Executive Leather Folio - Galaxy Tab 2;27;;;;;;;;;; 	39,81  € ; 	-      ;E2;;B2B069-C00;
TC2SURR1G;VISION TechConnect - Plaque - commande unique ;26;VIS-;VIS-TC2SURR1G;NUFARTSTKSTD;MATERIEL;ACCESSOIRES;VISION;0;0;; 	7,42  € ; 	10,00  € ;K4;;1622115000004;
TC2 BACKBOX1G;VISION TECHCONNECT - Boîtier arrière - commande unique ;25;VIS-;VIS-TC2 BACKBOX1G;NUFARTSTKSTD;MATERIEL;ACCESSOIRES;VISION;0;0;; 	2,50  € ; 	3,00  € ;K5;TECH DATA FRANCE;1643922000001;
IPADCASE360NOIRAIR;Housse Intégrale Générique 360° iPad Air Noire  ;25;GEN-;GEN-IPADCASE360NOIRAIR;NUFARTSTKSTD;TEXTILE;TEXTILE;GENERIQUE;POCHETTES;0;; 	33,33  € ; 	17,10  € ;E2;ALIEXPRESS;IPAD360NOIRAIR;
TC2USBB;VISION TechConnect - Plaque modulaire enclenchable - USB Type B;23;VIS;VISTC2USBB;NUFARTSTKSTD;MATERIEL;ACCESSOIRES;VISION;0;0;; 	8,33  € ; 	-      ;K2;;1643919000007;
2061698;Plastron 45x45 USB2.0 B F vers USB A F Amplifié – 0.2m;18;GEN-;GEN-2061698;NUFARTSTKSTD;MATERIEL;ACCESSOIRES;GENERIQUE;0;0;; 	19,00  € ; 	27,55  € ;L5;NEKLAN;3662247182269;
MC908-2M;MCL Samar câble d'alimentation - 2 m;21;MCL-;MCL-MC908-2M;NUFARTSTKSTD;MATERIEL;ACCESSOIRES;MCL;0;0;; 	4,54  € ; 	4,54  € ;J3;TECH DATA FRANCE;3700224714192;
4EH-00002;Microsoft Comfort Mouse 4500 for Business - Souris - optique - 5 boutons - filai;20;MIC-;MIC-4EH-00002;NUFARTSTKSTD;MATERIEL;ACCESSOIRES;MICROSOFT;0;0;; 	15,36  € ; 	15,36  € ;B3;TECH DATA FRANCE;885370249064;
C6ADZ0030V;Cordon RJ45 Cat 6a F/FTP Primacy LSZH 0.3m vert;20;CAB-;CAB-C6ADZ0030V;NUFARTSTKSTD;MATERIEL;ACCESSOIRES;GENERIQUE;0;0;; 	3,12  € ; 	-      ;;EDOX;;
HOUSSESOLIDBLACK;New product handheld protective sleeve PU leather case stand sleeve solid color;18;GEN-;GEN-HOUSSESOLIDBLACK;NUFARTSTKSTD;TEXTILE;TEXTILE;GENERIQUE;POCHETTES;0;; 	37,56  € ; 	-      ;E2;;HOUSSESOLIDBL;
CABJACKMM2M;Câble Jack M/M 1M;18;GEN-;GEN-CABJACKMM2M;NUFARTSTKSTD;MATERIEL;ACCESSOIRES;GENERIQUE;0;0;; 	4,00  € ; 	-      ;J2;;CABJACKMM2M;
LEG099671;OBTURATEUR (2 MODULES) GP KHEOPS GP;7;GEN-;GEN-LEG099671;NUFARTSTKSTD;MATERIEL;ACCESSOIRES;GENERIQUE;0;0;; 	5,00  € ; 	4,75  € ;K5;REXEL;3414970338761;
1007522;Câble USB 5M;17;CAB-;CAB-1007522;NUFARTSTKSTD;MATERIEL;ACCESSOIRES;GENERIQUE;0;0;; 	15,00  € ; 	19,00  € ;I2;;1007522;
WIN10;Windows 10;15;MIC-;MIC-WIN10;NUFARTSTKSTD;LOGICIELS;LOGICIELS;MICROSOFT;SYSTEME;0;; 	49,00  € ; 	119,00  € ;C3;SOFTWARE BILLIGER.DE;WIN10;
2090086;RallongeUSB2.0A-AM/FNoir-5m;13;CAB-;CAB-2090086;NUFARTSTKSTD;MATERIEL;ACCESSOIRES;GENERIQUE;0;0;; 	5,00  € ; 	5,00  € ;;NEKLAN;;
3510B;Eclateur RJ45 Mâle / 2 Femmelles Cat 5e;16;GEN-;GEN-3510B;NUFARTSTKSTD;MATERIEL;ACCESSOIRES;GENERIQUE;0;0;; 	7,61  € ; 	-      ;I2;EDOX;3510B;
MUYHSMFF;StarTech.com Câble pour séparateur de casque 4 broches de 3,5 mm vers 2 x 3 broches de 3,5 mm - M/F - 2 x Mini Jack Femelle Audio stéréo - 1 x Mini Jack Mâle Audio stéréo - Noir;15;STA-;STA-MUYHSMFF;NUFARTSTKSTD;MATERIEL;ACCESSOIRES;STARTECH;0;0;; 	8,99  € ; 	9,00  € ;B1;INGRAM MICRO;65030843515;
TKOOFN;Etui renforcé iPad air 2 spécial éducation;15;TKO-;TKO-TKOOFN;NUFARTSTKSTD;TEXTILE;TEXTILE;TKOOFN;POCHETTES;0;; 	19,00  € ; 	35,49  € ;E1;ALIEXPRESS;TKOOFN;
S0610441;CÂBLE RJ45 CATÉGORIE 5E F/UTP 3 M (BEIGE);15;CAB-;CAB-S0610441;NUFARTSTKSTD;MATERIEL;ACCESSOIRES;GENERIQUE;0;0;; 	4,16  € ; 	4,16  € ;;LDLC PRO;3700224718091;
NGC2001/2;PANNEAU NU 1U 19 24 RJ45 BLINDE;13;NGC-;NGC-NGC2001/2;NUFARTSTKSTD;MATERIEL;RESEAU;NGC;ACCESSOIRES;0;; 	28,00  € ; 	28,00  € ;L2;ACTN;NGC2001/2;
IPADCASEMINI360;Housse Intégrale Générique 360° iPad Mini Noire;13;GEN-;GEN-IPADCASEMINI360;NUFARTSTKSTD;TEXTILE;TEXTILE;GENERIQUE;POCHETTES;0;; 	29,00  € ; 	15,00  € ;E1;AMAZON;IPADCASEMINI360;
CT51264BD160BJ;Crucial 4Go Ram (DDR3L, 1600 MT/s, PC3L-12800;1;CRU-;CRU-CT51264BD160BJ;NUFARTSTKSTD;MATERIEL;COMPOSANTS;CRUCIAL;MEMOIRES;0;; 	39,00  € ; 	16,67  € ;C3;AMAZON;649528762498;
4980;Boîtier mural 80x80 nu format Legrand;13;GEN-;GEN-4980;NUFARTSTKSTD;MATERIEL;ACCESSOIRES;GENERIQUE;0;0;; 	2,47  € ; 	4,50  € ;K5;EDOX;4980;
101239;"Be.ez 101239 Housse LA robe Chic Marine pour MacBook Air 11"" Marine/Azur";13;BEE-;BEE-101239;NUFARTSTKSTD;TEXTILE;TEXTILE;BEEZ;HOUSSES;0;; 	11,48  € ; 	15,83  € ;AMAZON;;3700313912447;
YL-PSU5V2A1.8M;Alimentation 5v 2A avec câble 1,8m T29/46/48/CP860;13;GEN-;GEN-YL-PSU5V2A1.8M;NUFARTSTKSTD;MATERIEL;ACCESSOIRES;GENERIQUE;0;0;; 	15,00  € ; 	15,00  € ;;EDOX;;
2090059;Cordon USB 2.0 A-B M / M - AWG28/24 - Noir - 5 m;12;CAB-;CAB-2090059;NUFARTSTKSTD;MATERIEL;ACCESSOIRES;GENERIQUE;0;0;; 	9,00  € ; 	9,38  € ;L5;NEKLAN;3662247226246;
85531;Câble réseau SC multi-mode (M) pour LC multi-mode (M) 1 m fibre optique 50 / 125 microns;12;CAB-;CAB-85531;NUFARTSTKSTD;MATERIEL;RESEAU;GENERIQUE;ACCESSOIRES;0;; 	21,00  € ; 	26,10  € ;;TECH DATA FRANCE;;
GC36633;USB to Lightning Cable - 3 Meter;11;GRI-;GRI-GC36633;NUFARTSTKSTD;MATERIEL;ACCESSOIRES;GRIFFIN;0;0;; 	25,83  € ; 	-      ;I2;;GC36633;
666986-B21;HP LFF HDD Blank Gen8 Kit;11;HEW-;HEW-666986-B21;NUFARTSTKSTD;MATERIEL;ACCESSOIRES;HEWLETT PACKARD;0;0;; 	10,00  € ; 	-      ;L1;;886112093846;
ALMCD41;Bloc alimentation NUC;11;NUC-;NUC-ALMCD41;NUFARTSTKSTD;MATERIEL;ACCESSOIRES;NUC;0;0;; 	29,00  € ; 	23,20  € ;B2;ALIEXPRESS;65hosspqF52eu;
104191;Cordon BNC 75 ohms - 1 m;10;CAB-;CAB-104191;NUFARTSTKSTD;MATERIEL;ACCESSOIRES;GENERIQUE;0;0;; 	5,20  € ; 	-      ;B1;;3548381041917;
B00Z8TGZXO;Coque en Silicone pour Samsung Galaxy Tab A 9.7 - X-Style noir - Cover PhoneNatic Cubierta + films de protection;10;SAM-;SAM-B00Z8TGZXO;NUFARTSTKSTD;TEXTILE;TEXTILE;SAMSUNG;POCHETTES;0;; 	9,98  € ; 	14,25  € ;E1;AMAZON;B00Z8TGZXO;
89G1758A;Câble USB AB Noir High Grade;10;CAB-;CAB-89G1758A;NUFARTSTKSTD;MATERIEL;ACCESSOIRES;GENERIQUE;0;0;; 	4,29  € ; 	-      ;I5;;3578222528642;
F2E4162CP;Belkin PRO Series Digital Video Interface Adapter - Adaptateur VGA - DVI-A (M) -;10;BEL-;BEL-F2E4162CP;NUFARTSTKSTD;MATERIEL;ACCESSOIRES;BELKIN;0;0;; 	8,35  € ; 	8,35  € ;J2;;722868762905;
4907MR;Sachet de 10 manchons à boule RJ45 rouge;9;GEN-;GEN-4907MR;NUFARTSTKSTD;MATERIEL;ACCESSOIRES;GENERIQUE;0;0;; 	1,81  € ; 	1,81  € ;I4;EDOX;4907MR;
80606;C2G Laptop Power Cord - Câble d'alimentation (250 VCA)- 1 m - Moulé - noir - Eur;9;C2G-;C2G-80606;NUFARTSTKSTD;MATERIEL;ACCESSOIRES;C2G;0;0;; 	6,98  € ; 	6,98  € ;J3;;757120806066;
TC2VGAF3.5MM;VISION TechConnect - Plaque modulaire enclenchable - HD-15, fiche mini-phone Sté;8;VIS;VISTC2VGAF3.5MM;NUFARTSTKSTD;MATERIEL;ACCESSOIRES;VISION;0;0;; 	11,97  € ; 	22,80  € ;K2;;1643902000007;
4982;cadre mosaïc 45x45 sur 80x80 + vis;8;GEN-;GEN-4982;NUFARTSTKSTD;MATERIEL;ACCESSOIRES;GENERIQUE;0;0;; 	2,31  € ; 	7,20  € ;K4;EDOX;4982;
R1132;Rankie Adaptateur Mini DisplayPort (Thunderbolt) (Mini DP) vers VGA, 1080P Full HD, Noir;7;GEN-;GEN-R1132;NUFARTSTKSTD;MATERIEL;ACCESSOIRES;GENERIQUE;0;0;; 	9,00  € ; 	9,90  € ;J2;AMAZON;X000MHC953;
4984;PLASTRON 1RJ45 22.5 X 45 BLANC;7;GEN-;GEN-4984;NUFARTSTKSTD;MATERIEL;ACCESSOIRES;GENERIQUE;0;0;; 	-      ; 	-      ;K4;;4984;
FLIPCASEIPH8;Flip case for iphone 8, black;7;GEN-;GEN-FLIPCASEIPH8;NUFARTSTKSTD;TEXTILE;TEXTILE;GENERIQUE;POCHETTES;0;; 	19,00  € ; 	18,00  € ;E1;ALIEXPRESS;FLIPCASEIPH8;
SPS-A030A;Enceinte universelle pour TNI;5;ABT-;ABT-SPS-A030A;NUFARTSTKSTD;MATERIEL;SON;ABTUS;ENCEINTES;0;; 	-      ; 	120,00  € ;B0;;SPS-A030A;
531300;Cordon USB 2.0 TYPE A M/M 5M ;7;CAB-;CAB-531300;NUFARTSTKSTD;MATERIEL;ACCESSOIRES;GENERIQUE;0;0;; 	-      ; 	-      ;I3;;3524890531309;
2090660;Cordon USB 2.0 A-B M/M amplifié - 10m;2;CAB-;CAB-2090660;NUFARTSTKSTD;MATERIEL;ACCESSOIRES;GENERIQUE;0;0;; 	19,00  € ; 	24,00  € ;;NEKLAN;;
CABVGA5;Cable VGA 5m;7;CAB-;CAB-CABVGA5;NUFARTSTKSTD;MATERIEL;ACCESSOIRES;GENERIQUE;0;0;; 	8,35  € ; 	15,20  € ;J1;;CABVGA5;
S0610440;CÂBLE RJ45 CATÉGORIE 5E F/UTP 2 M (BEIGE);7;CAB-;CAB-S0610440;NUFARTSTKSTD;MATERIEL;ACCESSOIRES;GENERIQUE;0;0;; 	3,70  € ; 	3,70  € ;;LDLC PRO;3700224718084;
81614;Câble FireWire 800 - FireWire 400 - 2m;7;CAB-;CAB-81614;NUFARTSTKSTD;MATERIEL;ACCESSOIRES;GENERIQUE;0;0;; 	22,81  € ; 	-      ;I1;;A1021-2M;
F1D108-CBL;CABLE CASCADE OMNIVIEW 1,8M;7;BEL-;BEL-F1D108-CBL;NUFARTSTKSTD;MATERIEL;ACCESSOIRES;BELKIN;0;0;; 	8,06  € ; 	-      ;I2;;722868255490;
02300GS06407;Ruban Zebra 02300GS06407 - Transfert thermique - Ruban 64 mm x 74 m - 12 / Boîte;6;ZEB-;ZEB-02300GS06407;NUFARTSTKSTD;CONSOMMABLES;CONSOMMABLES;ZEBRA;ENCRES TONERS;0;; 	22,93  € ; 	18,18  € ;AMAZON;;;
UKB-AB10B;rhomb utech® – 10 m câble USB 2.0 Hi-Speed Premium A/B, câble d'imprimante/Câble de connexion, fiche mâle USB A vers fiche USB B, finition de qualité, double blindage pour passgenaue connecteur D: 10m (Meter) - noir;6;GEN-;GEN-UKB-AB10B;NUFARTSTKSTD;MATERIEL;ACCESSOIRES;GENERIQUE;0;0;; 	19,00  € ; 	19,00  € ;J3;AMAZON;B00XHVB9A4;
MINICACUSB2BLIST;Mini Chargeur allume cigare 2A avec 1 entrée USB Couleur Noir;6;GEN-;GEN-MINICACUSB2BLIST;NUFARTSTKSTD;MATERIEL;ACCESSOIRES;GENERIQUE;0;0;; 	10,00  € ; 	3,75  € ;B4;;3700493478405;
810760;Lot de 2 angles extérieeurs pour moulure;6;GEN-;GEN-810760;NUFARTSTKSTD;MATERIEL;ACCESSOIRES;GENERIQUE;0;0;; 	-      ; 	-      ;K3;;4018475250888;
F2F20290-05M;Fiber, MTRJ/ST, 5M, Duplex, 62.5/125;6;BEL-;BEL-F2F20290-05M;NUFARTSTKSTD;MATERIEL;ACCESSOIRES;BELKIN;0;0;; 	18,03  € ; 	-      ;K4;;722868585948;
CMSX4GX4M1A2400C16;CORSAIR VENGEANCE SO-DIMM DDR4 4 GO 2400 MHZ CL16 RAM DDR4 PC4-19200 - CMSX4GX4M1A2400C16 (garantie 10 ans par Corsair;4;COR-;COR-CMSX4GX4M1A2400C16;NUFARTSTKSTD;MATERIEL;COMPOSANTS;CORSAIR;MEMOIRES;0;; 	35,79  € ; 	52,00  € ;C2;LDLC PRO;;
C5SG0500;Cordon RJ45 Cat 5e F/UTP Primacy 5m beige;6;CAB-;CAB-C5SG0500;NUFARTSTKSTD;MATERIEL;ACCESSOIRES;GENERIQUE;0;0;; 	6,02  € ; 	6,02  € ;I4;EDOX;C5SG0500;
JD-0800FR-2;CHERRY DC 2000 - ensemble clavier et souris filaire - français;6;CHE-;CHE-JD-0800FR-2;NUFARTSTKSTD;MATERIEL;ACCESSOIRES;CHERRY;0;0;; 	16,66  € ; 	19,00  € ;B4;TECH DATA FRANCE;4025112083310;
1013459;Alimentation smart Enceinte SMART SBA-V;6;GEN-;GEN-1013459;NUFARTSTKSTD;MATERIEL;ACCESSOIRES;GENERIQUE;0;0;; 	-      ; 	-      ;J1;;1013459;
TN-120;TONER 240F;5;BRO-;BRO-TN-120;NUFARTSTKSTD;CONSOMMABLES;CONSOMMABLES;BROTHER;ENCRES TONERS;0;; 	149,00  € ; 	-      ;C3;;TN-120;
2090681;Rallonge amplifiée USB2.0 AA M/F – 10m;5;;;;;;;;;; 	19,00  € ; 	19,00  € ;;NEKLAN;;
MQPC8888M/5;Plastron DVI / 5m;5;GEN-;GEN-MQPC8888M/5;NUFARTSTKSTD;MATERIEL;RESEAU;GENERIQUE;ACCESSOIRES;0;; 	20,00  € ; 	-      ;K5;;MQPC8888M/5;
CG-211;Mcl samar - adaptateur video hd-15 (f) - dvi-i (m);5;MCL-;MCL-CG-211;NUFARTSTKSTD;MATERIEL;ACCESSOIRES;MCL;0;0;; 	8,33  € ; 	6,66  € ;I1;MCL SAMAR;3700224717384;
81683;C2G - Câble USB - USB à 9 broches Type A (M) - Micro-USB Type B 10 broches (M) -;5;C2G-;C2G-81683;NUFARTSTKSTD;MATERIEL;ACCESSOIRES;C2G;0;0;; 	10,38  € ; 	-      ;I1;;757120816836;
2051034;Plastron 45x45 VGA+Jack 3,5mm F>M-10m;4;GEN-;GEN-2051034;NUFARTSTKSTD;MATERIEL;ACCESSOIRES;GENERIQUE;0;0;; 	32,99  € ; 	32,99  € ;;TECH DATA FRANCE;;
66693;Plastron 45x45 VGA audio + câble de 0,2m;4;GEN-;GEN-66693;NUFARTSTKSTD;MATERIEL;ACCESSOIRES;GENERIQUE;0;0;; 	20,00  € ; 	40,00  € ;J1;INTEGRATION-RESEAU.COM;66693;
LEX24B6010;LEXMARK To jaune HC XC2132;4;LEW-;LEW-LEX24B6010;NUFARTSTKSTD;CONSOMMABLES;CONSOMMABLES;LEXMARK;ENCRES TONERS;0;; 	90,00  € ; 	99,17  € ;BUREAU COMPTA;OCTANT;734646498760;
LEX24B6011;LEXMARK To bk HC XC2132;4;LEX;LEXLEX24B6011;NUFARTSTKSTD;CONSOMMABLES;CONSOMMABLES;LEXMARK;ENCRES TONERS;0;; 	89,00  € ; 	76,21  € ;BUREAU COMPTA;OCTANT;734646498777;
C540X75G;Lexmark - Collecteur de toner usagé LCCP - pour Lexmark CS310, CS410, CS510, CX4;4;LEX-;LEX-C540X75G;NUFARTSTKSTD;CONSOMMABLES;CONSOMMABLES;LEXMARK;ACCESSOIRES;0;; 	8,42  € ; 	16,66  € ;BUREAU COMPTA+C3;;734646074148;
UB-POE24-24G;Injecteur PoE passif Ubiquiti 24V 24W Giga;4;UBI-;UBI-UB-POE24-24G;NUFARTSTKSTD;MATERIEL;RESEAU;UBIQUITI;ACCESSOIRES;0;; 	22,90  € ; 	22,90  € ;D1;EDOX;810354023538;
30283;DLP ANGL. PLT VAR.BLC 40X20;4;GEN-;GEN-30283;NUFARTSTKSTD;MATERIEL;ACCESSOIRES;GENERIQUE;0;0;; 	4,43  € ; 	4,43  € ;K5;CGED;3414971074835;
DEM-311GT/2;D-Link DEM 311GT;4;DLI-;DLI-DEM-311GT/2;NUFARTSTKSTD;MATERIEL;RESEAU;DLINK;ACCESSOIRES;0;; 	155,00  € ; 	-      ;C2;TECH DATA FRANCE;DEM-311GT/2;
SDSDXXG-032G;Carte Mémoire SDHC Sandisk Extreme Pro 32 Go jusqu'à 95 Mo/s;4;SAN-;SAN-SDSDXXG-032G;NUFARTSTKSTD;MATERIEL;COMPOSANTS;SANDISK;MEMOIRES;0;; 	35,00  € ; 	35,00  € ;C3;AMAZON;619659147655;
AP170;Borne Aerohive AP170;4;AER-;AER-AP170;NUFARTSTKSERIE;MATERIEL;RESEAU;AEROHIVE;WIFI;0;17013120600063,17013120600332,17013120600334,17013120600365; 	-      ; 	-      ;D2;;E01C4171D700;
A3L791B01M-GRY;Belkin cordon de raccordement - 1 m - gris;4;BEL-;BEL-A3L791B01M-GRY;NUFARTSTKSTD;MATERIEL;ACCESSOIRES;BELKIN;0;0;; 	-      ; 	-      ;I2;;722868188200;
703216-001;Adaptateur mini Display Port vers DP - HP;4;CAB-;CAB-703216-001;NUFARTSTKSTD;MATERIEL;ACCESSOIRES;GENERIQUE;0;0;; 	20,83  € ; 	-      ;I2;;703216-001;
TM-LCD;Vision TM-LCD support mural d'écran plat - Supports muraux d'écrans plats (50 kg, Aluminium);3;VIS;VISTM-LCD;NUFARTSTKSTD;MATERIEL;ACCESSOIRES;VISION;0;0;; 	5,05  € ; 	16,05  € ;AMAZON;;1932374000005;
POE-24-12W-G;UBIQUITI POE-24-12W-G Injecteur PoE 24 V 12W avec port LAN Gigabit ;3;UBI-;UBI-POE-24-12W-G;NUFARTSTKSTD;MATERIEL;RESEAU;UBIQUITI;ACCESSOIRES;0;; 	15,59  € ; 	15,59  € ;D2;LDLC PRO;810354023002;
MTBC25B ;Toner, original, cyan, Konica-Minolta Box, 4.500 prints;3;KON-;KON-MTBC25B ;NUFARTSTKSTD;CONSOMMABLES;CONSOMMABLES;KONICA;ENCRES TONERS;0;; 	39,12  € ; 	39,12  € ;AMAZON;THS;A0X5453;
NP01WK;SUPPORT MOBILE POUR TABLEAU INTERACTIF;3;NEC-;NEC-NP01WK;NUFARTSTKSTD;MATERIEL;ACCESSOIRES;NEC;EDUCATION;0;; 	89,00  € ; 	-      ;A0;;5028695608559;
96615;Prise 2P+T Legrand Niloé - 16 A - bornes auto - Eclat Legrand;3;GEN-;GEN-96615;NUFARTSTKSTD;MATERIEL;ACCESSOIRES;GENERIQUE;0;0;; 	-      ; 	-      ;K3;;3245060966157;
701607-A21;Microsoft Windows Server 2012 - Licence - 5 licences d'accès client périphérique;3;MIC-;MIC-701607-A21;NUFARTSTKSTD;LOGICIELS;LOGICIELS;MICROSOFT;SYSTEME;0;; 	110,00  € ; 	-      ;K2;;4948382958037;
MBA1019;MicroBattery 18.5V 3.5A 65W Plug: 4.8*1.7;3;GEN-;GEN-MBA1019;NUFARTSTKSTD;MATERIEL;ACCESSOIRES;GENERIQUE;0;0;; 	27,48  € ; 	49,00  € ;B2;EET EUROPARTS;5705965686713;
LEX24B6009;LEXMARK To magen HC XC2132;3;LEX-;LEX-LEX24B6009;NUFARTSTKSTD;CONSOMMABLES;CONSOMMABLES;LEXMARK;ENCRES TONERS;0;; 	90,00  € ; 	90,00  € ;BUREAU COMPTA;OCTANT;734646498753;
LEX24B6008;LEXMARK To cyan HC XC2132;3;LEX-;LEX-LEX24B6008;NUFARTSTKSTD;CONSOMMABLES;CONSOMMABLES;LEXMARK;ENCRES TONERS;0;; 	90,00  € ; 	76,60  € ;BUREAU COMPTA;OCTANT;734646498746;
SCREENJ52016;LCD+Touch Screen for Samsung J5 2016;3;;;;;;;;;; 	37,00  € ; 	37,00  € ;E1;ALIEXPRESS;;
A06V152;Konica Minolta Cartouche de toner - Pack de 1 Noir;3;KON-;KON-A06V152;NUFARTSTKSTD;CONSOMMABLES;CONSOMMABLES;KONICA;ENCRES TONERS;0;; 	-      ; 	-      ;AMAZON;;39281044229;
LEG036446;JEU PATTES FIXAT.COFF.LARG.300;3;GEN-;GEN-LEG036446;NUFARTSTKSTD;MATERIEL;ACCESSOIRES;GENERIQUE;0;0;; 	190,00  € ; 	-      ;C4;REXEL;10324506036446500000000;
JARFOMM;Jarretière FO multimode;3;CAB-;CAB-JARFOMM;NUFARTSTKSTD;MATERIEL;RESEAU;GENERIQUE;ACCESSOIRES;0;; 	25,00  € ; 	-      ;K2;;JARFOMM;
512327-B21/2;HP Common Slot High Efficiency - Alimentation - branchement à chaud;3;HEW-;HEW-512327-B21/2;NUFARTSTKSTD;MATERIEL;ACCESSOIRES;HEWLETT PACKARD;0;0;; 	215,00  € ; 	-      ;L1;TECH DATA FRANCE;884420588146;
H3C53AA#ABF;HP C2500 Desktop H3C53AA - Hp keyboard combo - AZERTY - Francais;3;HEW-;HEW-H3C53AA#ABF;NUFARTSTKSTD;MATERIEL;ACCESSOIRES;HEWLETT PACKARD;0;0;; 	16,66  € ; 	17,10  € ;;TECH DATA FRANCE;;
SD-IPAD3-BLK-GRY;Hard Candy Shock Drop Coque pour iPad 3 Noir;3;HAR-;HAR-SD-IPAD3-BLK-GRY;NUFARTSTKSTD;TEXTILE;TEXTILE;HARD CANDY;POCHETTES;0;; 	11,67  € ; 	11,67  € ;AMAZON;;;
C5SG0100;Cordon RJ45 Cat 5e F/UTP Primacy 1m beige ;3;EDO-;EDO-C5SG0100;NUFARTSTKSTD;MATERIEL;ACCESSOIRES;EDOX;0;0;; 	1,82  € ; 	4,00  € ;I4;EDOX;C5SG0100;
C5SG1000;Cordon RJ45 Cat 5e F/UTP Primacy 10m beige ;3;CAB-;CAB-C5SG1000;NUFARTSTKSTD;MATERIEL;ACCESSOIRES;GENERIQUE;0;0;; 	11,02  € ; 	11,02  € ;I4;EDOX;C5SG1000;
847200;CORDON CAT 5E 4P MOULE STP 2M;3;CAB-;CAB-847200;NUFARTSTKSTD;MATERIEL;ACCESSOIRES;GENERIQUE;0;0;; 	-      ; 	-      ;I3;;3524890084720;
TN213M;CARTOUCHE TN213 MAGENTA INEO+203/253;3;BRO-;BRO-TN213M;NUFARTSTKSTD;CONSOMMABLES;CONSOMMABLES;BROTHER;ENCRES TONERS;0;; 	80,00  € ; 	-      ;AMAZON;;1PA0D73D2;
85493;C2G LC-ST 50/125 OM2 Duplex Multimode PVC Fiber Optic Cable (LSZH) - Câble de ré;3;C2G-;C2G-85493;NUFARTSTKSTD;MATERIEL;ACCESSOIRES;C2G;0;0;; 	12,65  € ; 	-      ;K4;;757120854937;
810228;Angle Plat 15x30 Mm (4 Pièces);3;GEN-;GEN-810228;NUFARTSTKSTD;MATERIEL;ACCESSOIRES;GENERIQUE;0;0;; 	-      ; 	-      ;K3;;4018475250727;
810183;Angle Intérieur 15x30 Mm (4 Pièces);3;GEN-;GEN-810183;NUFARTSTKSTD;MATERIEL;ACCESSOIRES;GENERIQUE;0;0;; 	-      ; 	-      ;K3;;4018475289062;
90Y8926;146GB 15K 6GBPS SAS 2.5 inch-SFF G2HS Hard Disk Drive;3;IBM-;IBM-90Y8926;NUFARTSTKSERIE;MATERIEL;COMPOSANTS;IBM;DD INTERNE;0;KD5Y8H5,KD9D6A4,KD5Y8L5; 	183,33  € ; 	-      ;L1;;90Y8926;
2100307;Volets 120x100 Triptyque BASIC+ VPI tactile;2;VAN-;VAN-2100307;NUFARTSTKSERIE;MATERIEL;ECRANS;VANERUM;EDUCATION;0;; 	175,00  € ; 	175,00  € ;STOCK AVEC TABLEAU À DROITE;EET EUROPARTS;;
MTBC25G ;Toner, original, yellow, Konica-Minolta Box, 4.500 prints;2;KON-;KON-MTBC25G ;NUFARTSTKSTD;CONSOMMABLES;CONSOMMABLES;KONICA;ENCRES TONERS;0;; 	39,12  € ; 	39,12  € ;AMAZON;THS;A0X5253;
MTBC25R ;Toner, original, magenta, Konica-Minolta Box, 4.500 prints ;2;KON-;KON-MTBC25R ;NUFARTSTKSTD;CONSOMMABLES;CONSOMMABLES;KONICA;ENCRES TONERS;0;; 	39,12  € ; 	39,12  € ;AMAZON;THS;A0X5353;
RKM114;Synology RKM114 - Kit de rails pour armoire;2;SYN-;SYN-RKM114;NUFARTSTKSTD;MATERIEL;ACCESSOIRES;SYNOLOGY;0;0;; 	28,00  € ; 	-      ;L2;;4711174721740;
LC001;Sweex LAN PC Card 10/100 Mbps - Adaptateur réseau - PCI - 10/100 Ethernet;2;SWE-;SWE-LC001;NUFARTSTKSTD;MATERIEL;RESEAU;SWEEX;ACCESSOIRES;0;; 	6,95  € ; 	4,17  € ;AMAZON;;;
97-512-009;Support VESA arrière;2;GEN-;GEN-97-512-009;NUFARTSTKSTD;MATERIEL;ACCESSOIRES;GENERIQUE;0;0;; 	29,17  € ; 	-      ;B2;;97-512-009;
CKS600;Support étanche pour Camera;2;CAB-;CAB-CKS600;NUFARTSTKSTD;MATERIEL;ACCESSOIRES;GENERIQUE;0;0;; 	90,00  € ; 	-      ;E3;;CKS600;
PTA3002;Support de table pour Ipad à fixer;2;VOG-;VOG-PTA3002;NUFARTSTKSTD;MATERIEL;ACCESSOIRES;VOGELS;0;0;; 	96,00  € ; 	-      ;B1;;8712285321764;
SOUOEM;Souris OEM;2;GEN-;GEN-SOUOEM;NUFARTSTKSTD;MATERIEL;ACCESSOIRES;GENERIQUE;0;0;; 	9,00  € ; 	5,00  € ;B3;;FCGLH0D5D2OUAZ;
ST500LM034;"SEAGATE BARRACUDA PRO 500 GO - Disque dur 2.5"" 500 Go 7200 RPM 128 Mo Serial ATA 6 Gb/s (bulk)";2;SEA-;SEA-ST500LM034;NUFARTSTKSERIE;MATERIEL;COMPOSANTS;SEAGATE;DD INTERNE;0;; 	55,00  € ; 	49,50  € ;C3;OLYS - BIMP;AR201802190106;
MC902-2M;Rallonge 2 mètres pour câble d'alimentation CEI - mâle (c14)/femelle (c13);2;;;;;;;;;; 	-      ; 	-      ;;;3700224714116;
2050579;Plastron 45x45 VGA HD15 F>M - 10m;2;GEN-;GEN-2050579;NUFARTSTKSTD;MATERIEL;ACCESSOIRES;GENERIQUE;0;0;; 	32,00  € ; 	50,00  € ;L5;NEKLAN;3662247121695;
UBNTPARA;PARAFOUDRE;2;GEN-;GEN-UBNTPARA;NUFARTSTKSTD;MATERIEL;ACCESSOIRES;GENERIQUE;0;0;; 	40,00  € ; 	-      ;D1;;810354021633;
B00J0X4BF8;Newniu Câble et adaptateur VGA 5 m;2;CAB-;CAB-B00J0X4BF8;NUFARTSTKSTD;MATERIEL;ACCESSOIRES;GENERIQUE;0;0;; 	7,00  € ; 	8,00  € ;J4;AMAZON;B00J0X4BF8;
VS-2004L;NAS QNAP VS-2004L;2;QNA-;QNA-VS-2004L;NUFARTSTKSERIE;MATERIEL;PERIPHERIQUES;QNAP;DD RAID;0;Q12B10538,Q12B10535; 	320,00  € ; 	-      ;E2;;VS-2004L;
X000MN0PMB;Luxebell Câble USB C vers USB C en Nylon Tressé, Compatible avec GoPro5 New MacBook, Nexus 5X, OnePlus 3 et d'autres de Type C Périphériques Compatibles;2;CAB-;CAB-X000MN0PMB;NUFARTSTKSTD;MATERIEL;ACCESSOIRES;GENERIQUE;0;0;; 	9,00  € ; 	9,00  € ;B4;AMAZON;X000MN0PMB;
KF09.012;K&F Concept TL2023 Trepied Ultraleger Trepied Appareil Photo en Aluminium avec Sac Transport Hauter Maximum: 152cm trepied pour Camera DSLR Canon Nikon Sony Fujifilm Panasonic lumix Max: 3kg;2;;;;;;;;;; 	49,00  € ; 	-      ;;AMAZON;;
JD377A/2;HP 5500-24G EI Switch - Commutateur - C4 - Géré - 24 x 10/100/1000;2;HEW-;HEW-JD377A/2;NUFARTSTKSERIE;MATERIEL;RESEAU;HEWLETT PACKARD;SWITCH;0;CN27B9V04F,CN27B9V02L; 	3 579,00  € ; 	-      ;C1;;JD377A/2;
F4N90AA;HP 15-in-1 USB2/3 3.5 Media Card Reader ;2;HEW-;HEW-F4N90AA;NUFARTSTKSTD;MATERIEL;ACCESSOIRES;HEWLETT PACKARD;0;0;; 	33,00  € ; 	10,19  € ;C2 ;;888182142448;
503296-B21;HP - Alimentation - hotPlug  - 80 PLUS Gold - CA 100-240 V - 460 Watt ;2;HEW-;HEW-503296-B21;NUFARTSTKSTD;MATERIEL;ACCESSOIRES;HEWLETT PACKARD;0;0;; 	180,00  € ; 	-      ;L1;;503296-B21;
SL400H;GIGASET SL400H - Argent (Bluetooth);2;SIE-;SIE-SL400H;NUFARTSTKSERIE;MATERIEL;TELEPHONE;SIEMENS;0;0;; 	99,00  € ; 	99,00  € ;D4;INTEGRASYS;;
D1MCC2M;Gigamedia GGM D1MCC2M;2;;;;;;;;;; 	-      ; 	-      ;L4;;3700575911325;
F2F202L9-03M;Fiber, LC/MTRJ, 3M, Duplex, 62.5/125;2;;;;;;;;;; 	20,37  € ; 	-      ;L3;;F2F202L9-03M;
B01580INY6;Extender HDMI 60 Mètres ESYNiC Extender HD Affichage Longue Distance de Transmission 1080P via Simple Câble Ethernet RJ45 CAT5e CAT6 CAT6a CAT7 Emetteur Récepteur Compatible pour 3D Contrôle Infrarouge IR pour Sky HD Box Freebox PC Blu Ray DVD PS4 Projecteur;2;GEN-;GEN-B01580INY6;NUFARTSTKSTD;MATERIEL;ACCESSOIRES;GENERIQUE;0;0;; 	36,00  € ; 	119,00  € ;K4;AMAZON;B01580INY6;
A03100H;Drum Unit, modified, black, in Neutral Box, 30.000 prints;2;KON-;KON-A03100H;NUFARTSTKSTD;CONSOMMABLES;CONSOMMABLES;KONICA;ACCESSOIRES;0;; 	126,72  € ; 	-      ;C3;;4049816011011;
DCCDC;Digital CCD Camera;2;GEN-;GEN-DCCDC;NUFARTSTKSERIE;MATERIEL;PERIPHERIQUES;GENERIQUE;VIDEO;0;; 	150,00  € ; 	-      ;C4;;DCCDC;
B00M6SXBUA;CSL - 10m Ultra HD 4k HDMI Câble | High Speed par Ethernet | Full HD 1080P / 4K Ultra HD 2160P / 3D / ARC et CEC | Câble Triple Blindage + Blindage Fiche et Contacts;1;CSL-;CSL-B00M6SXBUA;NUFARTSTKSTD;MATERIEL;ACCESSOIRES;CSL;0;0;; 	14,99  € ; 	29,00  € ;J1;AMAZON;B00M6SXBUA;
314000;CORDON SATA POUR DISQUE DUR - 1.00 M;2;;;;;;;;;; 	-      ; 	-      ;;;3524890314001;
2061580;Cordon audio stéréo Jack 3,5 M / 2 x RCA M - 10m - blindé;2;CAB-;CAB-2061580;NUFARTSTKSTD;MATERIEL;ACCESSOIRES;GENERIQUE;0;0;; 	5,00  € ; 	5,00  € ;;NEKLAN;;
MV-100;Console pour climatiseur;2;GEN-;GEN-MV-100;NUFARTSTKSTD;MATERIEL;ACCESSOIRES;GENERIQUE;0;0;; 	32,50  € ; 	-      ;L2;;MV-100;
1304;Coffret cache-bornes - 4 modules - blanc RAL 9010;2;GEN-;GEN-1304;NUFARTSTKSTD;MATERIEL;ACCESSOIRES;GENERIQUE;0;0;; 	-      ; 	-      ;K3;;3245060013042;
88503;Cbl/2M Computer Power EXT cordC13 to C14;2;CAB-;CAB-88503;NUFARTSTKSTD;MATERIEL;ACCESSOIRES;GENERIQUE;0;0;; 	8,35  € ; 	-      ;J3;;757120885030;
COAX-2M;Cable Coaxial 2m M/M;2;CAB-;CAB-COAX-2M;NUFARTSTKSTD;MATERIEL;ACCESSOIRES;GENERIQUE;0;0;; 	8,33  € ; 	-      ;B1;;COAX-2M;
DE88683;Câble antenne N M > N F 6m LMR195 low loss;2;GEN-;GEN-DE88683;NUFARTSTKSTD;MATERIEL;ACCESSOIRES;GENERIQUE;0;0;; 	29,90  € ; 	29,90  € ;J3;EDOX;4043619886838;
B000ZS9XEQ;Bulk CABLE-140HS Câble USB 2.0 A-A;2;CAB-;CAB-B000ZS9XEQ;NUFARTSTKSTD;MATERIEL;ACCESSOIRES;GENERIQUE;0;0;; 	5,00  € ; 	5,00  € ;I1;AMAZON;X0004L1E6R;
F4U092BTSGY;Belkin USB-C Multimedia Hub - station d'accueil - HDMI;1;BEL-;BEL-F4U092BTSGY;NUFARTSTKSTD;MATERIEL;ACCESSOIRES;BELKIN;0;0;; 	99,99  € ; 	99,99  € ;C3;TECH DATA FRANCE;745883708673;
A3L791B10M-GRY;Belkin cordon de raccordement - 10 m - gris;2;BEL-;BEL-A3L791B10M-GRY;NUFARTSTKSTD;MATERIEL;ACCESSOIRES;BELKIN;0;0;; 	-      ; 	-      ;I3;;722868188392;
ANTRAD9;Antenne radio 9dbi;2;ANT-;ANT-ANTRAD9;NUFARTSTKSERIE;MATERIEL;RESEAU;ANTRAD;WIFI;0;; 	600,00  € ; 	1 500,00  € ;A2;;ANTRAD9;
B010USB/RJ45;adaptateur USB 3/RJ45;2;CAB-;CAB-B010USB/RJ45;NUFARTSTKSTD;MATERIEL;ACCESSOIRES;GENERIQUE;0;0;; 	13,00  € ; 	13,00  € ;J4;AMAZON;X000MKT827;
B00OXCFIXU;5 Aukru® 5V 2A EU Plug Chargeur Adaptateur Pour Routeur D-Link DIR-600, DGS-105, DIR-635 ,DIR-615,DIR-100 DIR-300 ,DIR-624 DIR-645 DIR-652 ,DIR-655 DIR ;2;AUK-;AUK-B00OXCFIXU;NUFARTSTKSTD;MATERIEL;ACCESSOIRES;AUKRU;0;0;; 	10,57  € ; 	10,57  € ;I1;AMAZON;X000EAZ51N;
EAN11693;4 Embouts De Finition Pour 15x30 Mm;2;GEN-;GEN-EAN11693;NUFARTSTKSTD;MATERIEL;ACCESSOIRES;GENERIQUE;0;0;; 	-      ; 	-      ;K3;;4018475250345;
ATB-C253;Waste Toner Box, kompatibel, FOR USE IN;1;KON-;KON-ATB-C253;NUFARTSTKSTD;CONSOMMABLES;CONSOMMABLES;KONICA;ACCESSOIRES;0;; 	30,00  € ; 	-      ;AMAZON;THS;4049816001579;
ATB-C35;Waste Toner Box, kompatibel;1;GEN-;GEN-ATB-C35;NUFARTSTKSTD;MATERIEL;ACCESSOIRES;GENERIQUE;0;0;; 	16,20  € ; 	55,00  € ;AMAZON;THS;4049816022055;
SLR40WI;VP Interactif SMART LightRaise 40wi;1;SMA-;SMA-SLR40WI;NUFARTSTKSTD;MATERIEL;ACCESSOIRES;SMARTBOARD;0;0;; 	1 499,00  € ; 	-      ;C0;;1016957;
8388100;Vogel's Tilt module S/M;1;VOG-;VOG-8388100;NUFARTSTKSTD;MATERIEL;ACCESSOIRES;VOGELS;0;0;; 	16,67  € ; 	-      ;A4;;8388100;
VA2210-MH;"ViewSonic 21.5"" LED - VA2210-MH 1920 x 1080 pixels - 5 ms - Format large 16/9 - Dalle IPS - HDMI - Noir";1;VIE-;VIE-VA2210-MH;NUFARTSTKSERIE;MATERIEL;ECRANS;VIEWSONIC;0;0;VFZ20156117; 	74,96  € ; 	74,96  € ;D5;LDLC PRO;;
11673;UGREEN VGA VGA Câble VGA SVGA Mâle vers Mâle 1080P Plaqué Or avec Noyau de Ferrite pour Écran, Moniteur, Projecteur, PC, TV HD, Noir (1 M);1;CAB-;CAB-11673;NUFARTSTKSTD;MATERIEL;ACCESSOIRES;GENERIQUE;0;0;; 	-      ; 	-      ;J3;AMAZON;X000AU9LXP;
US-8-150W;UBIQUITI UNIFI SWITCH 8 150W (US-8-150W) Switch Gigabit 8 ports 10/100/1000 Mbps PoE+ et 2 ports SFP;1;UBI-;UBI-US-8-150W;NUFARTSTKSERIE;MATERIEL;RESEAU;UBIQUITI;SWITCH;0;B4FBE4E1BEE7; 	191,63  € ; 	150,00  € ;D2;LDLC PRO;810354024467;
TS8GAP1333S;Transcend - DDR3 - 8 Go - SO DIMM 204 broches - 1333 MHz / PC3-10600;1;TRA-;TRA-TS8GAP1333S;NUFARTSTKSTD;MATERIEL;ACCESSOIRES;TRANSCEND;0;0;; 	87,97  € ; 	87,97  € ;C3;TECH DATA FRANCE;760557822332;
TL-WA850RE;TP-LINK N300 WiFi Range Extender;1;;;;;;;;;; 	27,51  € ; 	-      ;C2;;790069383410;
MTBC35B ;Toner, original, cyan, Konica-Minolta Box, 4.500 prints;1;KON-;KON-MTBC35B ;NUFARTSTKSTD;CONSOMMABLES;CONSOMMABLES;KONICA;ENCRES TONERS;0;; 	28,20  € ; 	48,00  € ;AMAZON;THS;A0X5452;
A0X5151;Toner original, blue pour 4700 series;1;DEV-;DEV-A0X5151;NUFARTSTKSTD;CONSOMMABLES;CONSOMMABLES;DEVELOP;ENCRES TONERS;0;; 	76,80  € ; 	-      ;C4;;A0X5151;
9004447;TONER NOIR MONOBLOC 2200P B2500/20/40;1;OKI-;OKI-9004447;NUFARTSTKSTD;CONSOMMABLES;CONSOMMABLES;OKI;ENCRES TONERS;0;; 	99,00  € ; 	-      ;AB2;;252690825;
DR6000;TAMBOUR BROTHER HL 1240/1250/1270N;1;BRO-;BRO-DR6000;NUFARTSTKSTD;CONSOMMABLES;CONSOMMABLES;BROTHER;ENCRES TONERS;0;; 	136,00  € ; 	-      ;C4;;DR6000;
SLAT4640201002;Système d'alimentation SLAT-batterie-Chargeur-Redresseur;1;GEN-;GEN-SLAT4640201002;NUFARTSTKSTD;MATERIEL;ACCESSOIRES;GENERIQUE;0;0;; 	3 000,00  € ; 	-      ;E1;ACTN;SLAT4640201002;
RKS1314;Synology RKS1314 - Kit de rails pour rack;1;SYN-;SYN-RKS1314;NUFARTSTKSTD;MATERIEL;RESEAU;SYNOLOGY;ACCESSOIRES;0;; 	60,00  € ; 	-      ;L2;;RKS1314;
SG220-50P-K9-EU;Switch Smart Plus Gigabit 48 ports PoE + 2 ports combo SFP;1;CIS-;CIS-SG220-50P-K9-EU;NUFARTSTKSERIE;MATERIEL;RESEAU;CISCO;SWITCH;0;; 	641,63  € ; 	641,63  € ;D2;LDLC PRO;810354024771;
BX-2504B;"Suza Advance BX-2504B - Boitier externe - 2.5"" - ATA -";1;ADV-;ADV-BX-2504B;NUFARTSTKSTD;MATERIEL;ACCESSOIRES;ADVANCE;0;0;; 	-      ; 	-      ;E2;;3700104402133;
002.2460 ;Support pour projecteur L4, SILVER GREY 9010, 59 - 93 cm, with universal bracket;1;GEN-;GEN-002.2460 ;NUFARTSTKSTD;MATERIEL;ACCESSOIRES;GENERIQUE;0;0;; 	-      ; 	-      ;A2;;002.2460;
HSG1-O-W16555;Support pour Caméra - étanche;1;GEN-;GEN-HSG1-O-W16555;NUFARTSTKSTD;MATERIEL;ACCESSOIRES;GENERIQUE;VIDEO;0;; 	90,00  € ; 	-      ;E3;;HSG1-O-W16555;
TM-TELE;Support plafond pour projecteur;1;GEN-;GEN-TM-TELE;NUFARTSTKSTD;MATERIEL;ACCESSOIRES;GENERIQUE;0;0;; 	79,00  € ; 	48,00  € ;K1;TECH DATA FRANCE;2418655000005;
SAB754;Support mural pour caméra;1;MES-;MES-SAB754;NUFARTSTKSTD;MATERIEL;ACCESSOIRES;MESSOA;VIDEO;0;; 	90,00  € ; 	-      ;E3;;SAB754;
5J.J3A10.001;Support mural Benq;1;BEN-;BEN-5J.J3A10.001;NUFARTSTKSTD;MATERIEL;ACCESSOIRES;BENQ;0;0;; 	145,00  € ; 	145,00  € ;A0;INTELWARE;4718755030598;
B07BY65;Support mobile pour écran 65 pouces (charge maxi 60kg);1;GEN-;GEN-B07BY65;NUFARTSTKSTD;MATERIEL;ACCESSOIRES;GENERIQUE;0;0;; 	390,00  € ; 	390,00  € ;STOCK;AMAZON;RV200§180521§0002§12;
MXTHQ10M;StarTech.com Câble d'extension vidéo pour écran VGA haute résolution - HD15 M/F - rallonge de câble VGA - 10 m;1;STA-;STA-MXTHQ10M;NUFARTSTKSTD;MATERIEL;ACCESSOIRES;STARTECH;0;0;; 	33,99  € ; 	39,00  € ;J4;TECH DATA FRANCE;65030847582;
20-01165-20;Smart Document Camera SDC-330;1;SMA-;SMA-20-01165-20;NUFARTSTKSERIE;MATERIEL;PERIPHERIQUES;SMART TECHNOLOGIE;CAMERA;0;E01B020570; 	950,00  € ; 	-      ;C0;;20-01165-20;
84H321710-022;Slide Rail, 26”, EZ-Mount;1;GEN-;GEN-84H321710-022;NUFARTSTKSTD;MATERIEL;ACCESSOIRES;GENERIQUE;0;0;; 	-      ; 	-      ;L2;;84H321710-022;
SBB-D32CX2EN;Set Back Box 32 Go Samsung SBB-D32CX2 Dual Core;1;SAM-;SAM-SBB-D32CX2EN;NUFARTSTKSERIE;MATERIEL;PERIPHERIQUES;SAMSUNG;VIDEO;0;ZZ5EHTSF100034; 	700,00  € ; 	-      ;C4;;SBB-D32CX2EN;
SECUPADDOCK;SecuPaddock - cadenas a clé (noir) (99066KD-BLK);1;SEC-;SEC-SECUPADDOCK;NUFARTSTKSTD;MATERIEL;ACCESSOIRES;SECUPLUS;0;0;; 	56,25  € ; 	56,25  € ;B1;SECUPLUS;SECUPADDOCK;
Q3841A;SCANNER HP SCANJET 2400;1;HEW-;HEW-Q3841A;NUFARTSTKSERIE;MATERIEL;PERIPHERIQUES;HEWLETT PACKARD;SCANNERS;0;CN75ESR11Q; 	-      ; 	-      ;ÉTAGERE BLANCHE;;Q3841A;
B11B193012;Scanner Epson V30;1;EPS-;EPS-B11B193012;NUFARTSTKSERIE;MATERIEL;PERIPHERIQUES;EPSON;SCANNERS;0;KRW070731; 	50,00  € ; 	-      ;C0;;B11B193012;
SM-G973FZWDXEF;Samsung Galaxy S10 - blanc prisme - 4G - 128 Go - TD-SCDMA / UMTS / GSM - smartphone;1;SAM-;SAM-SM-G973FZWDXEF;NUFARTSTKSERIE;MATERIEL;SMARTPHONE;SAMSUNG;0;0;; 	832,50  € ; 	832,50  € ;BOUTIQUE LDLC;TECH DATA FRANCE;;
929593;Ricoh SP 220NW - imprimante - monochrome - laser Aficio / (A4, 23 ppm imprimante, réseau, GDI, Wi-Fi);1;RIC-;RIC-929593;NUFARTSTKSERIE;MATERIEL;IMPRIMANTES;RICOH;LASER;0;Y756MC00968; 	98,00  € ; 	109,00  € ;ÉTAGERE BLANCHE;TECH DATA FRANCE;4961311913419;
EX6130-100FRS;Répéteur Universel Wifi AC1200 Dual Band EX6130;1;NET-;NET-EX6130-100FRS;NUFARTSTKSTD;MATERIEL;RESEAU;NETGEAR;ACCESSOIRES;0;; 	79,00  € ; 	69,52  € ;D3;TECH DATA FRANCE;606449114331;
UST-LAMP;Promethean - Lampe de projecteur pour Promethean UST-P1, UST-P2;1;;;;;;;;;; 	222,25  € ; 	118,15  € ;;TECH DATA FRANCE;;
99646;PRISE RJ45 CAT6 FTP 2 MODULES;1;GEN-;GEN-99646;NUFARTSTKSTD;MATERIEL;ACCESSOIRES;GENERIQUE;0;0;; 	-      ; 	-      ;K3;;3245060996468;
POTVP;Potence pour vidéoprojecteur;1;;;;;;;;;; 	55,00  € ; 	-      ;A4;;POTVP;
2050572;Plastron 45x45 HD15 F vers câble HD15 M - AWG28 - 5 m;1;GEN-;GEN-2050572;NUFARTSTKSTD;MATERIEL;RESEAU;GENERIQUE;ACCESSOIRES;0;; 	23,45  € ; 	23,00  € ;L5;TECH DATA FRANCE;3662247121688;
2061418;Plastron 45x45 Audio Jack 3,5mm F/F - AWG28 - 0,20m;1;GEN-;GEN-2061418;NUFARTSTKSTD;MATERIEL;RESEAU;GENERIQUE;ACCESSOIRES;0;; 	9,00  € ; 	9,00  € ;A3;NEKLAN;3662247180937;
CL12UTHWB;Pied pour tablette verrouillable aluminium de haute qualité blanc montable en surface;1;GEN-;GEN-CL12UTHWB;NUFARTSTKSTD;MATERIEL;ACCESSOIRES;GENERIQUE;0;0;; 	95,00  € ; 	95,00  € ;B2;INGRAM MICRO;856282004812;
KX-A242X;Panasonic KX-A242X kit de support Hardware/Electronic;1;;;;;;;;;; 	-      ; 	-      ;;;5025232268542;
CT2KIT102464BF16;Pack RAM de 8GBX2 DDR3L 1600 MT/s (PC3L-12800) SODIMM 204-Pin;1;CRU-;CRU-CT2KIT102464BF16;NUFARTSTKSTD;MATERIEL;COMPOSANTS;CRUCIAL;MEMOIRES;0;; 	129,00  € ; 	122,55  € ;D4;AMAZON;649528754592;
L30250-F600-C150;OpenStage 20 - IP (HFA);1;SIE-;SIE-L30250-F600-C150;NUFARTSTKSERIE;MATERIEL;TELEPHONE;SIEMENS;0;0;IT19321597; 	180,00  € ; 	180,00  € ;K1;ITANCIA;L30250-F600-C150;
981-000100;OEM/PC Stereo Headset 960 USB Casque ( semi-ouvert ) ;1;LOG-;LOG-981-000100;NUFARTSTKSTD;MATERIEL;SON;LOGITECH;CASQUES;0;; 	20,86  € ; 	22,00  € ;B3;INGRAM MICRO;5099206008441;
BOXNUC8I3BEK2;NUC Intel Core i3-8109U Intel HD Graphics 655 Wi-Fi AC / Bluetooth 5.0 + emplacement M.2;1;NUC-;NUC-BOXNUC8I3BEK2;NUFARTSTKSERIE;MATERIEL;UC WINDOWS;NUC;0;0;G6BE946013C8; 	270,00  € ; 	261,20  € ;C2;LDLC PRO;;
NGC1553;NGC NGC1553 Module 45 x 45 2 prises;1;NGC-;NGC-NGC1553;NUFARTSTKSTD;MATERIEL;RESEAU;NGC;ACCESSOIRES;0;; 	-      ; 	-      ;K2;;NGC1553;
PLASMA-W065BLACK;NewStar PLASMA-W065BLACK - montage mural;1;NEW-;NEW-PLASMA-W065BLACK;NUFARTSTKSTD;MATERIEL;ACCESSOIRES;NEWSTAR;0;0;; 	49,95  € ; 	60,00  € ;A4;TECH DATA FRANCE;8717371443627;
NM-W360BLACK;NewStar NeoMounts NM-W360BLACK - montage mural;1;NEW-;NEW-NM-W360BLACK;NUFARTSTKSTD;MATERIEL;ACCESSOIRES;NEWSTAR;0;0;; 	37,46  € ; 	40,00  € ;A4;TECH DATA FRANCE;8717371444655;
FPMA-D935D;NewStar FPMA-D935D - Kit de montage ( fixation par pince pour bureau, 2 bras art;1;NEW-;NEW-FPMA-D935D;NUFARTSTKSTD;MATERIEL;ACCESSOIRES;NEWSTAR;0;0;; 	159,95  € ; 	-      ;A3;;;
FPMA-W812;NEWSTAR FLATSCREEN WALL MOUNT;1;NEW-;NEW-FPMA-W812;NUFARTSTKSTD;MATERIEL;ACCESSOIRES;NEWSTAR;0;0;; 	-      ; 	-      ;A4;;8717371443948;
NETWORK-MS;Network Card-MS CARTE SNMP/WEB;1;EAT-;EAT-NETWORK-MS;NUFARTSTKSTD;MATERIEL;RESEAU;EATON;ACCESSOIRES;0;; 	376,22  € ; 	263,35  € ;D4;TECH DATA FRANCE;743172038111;
NA-U70;NETASQ NA-U70 ;1;NET-;NET-NA-U70;NUFARTSTKSERIE;MATERIEL;RESEAU;NETASQ;FIREWALL;0;; 	-      ; 	-      ;C2;;U70XXA4M1156110;
CVGP34000BK10;NEDIS CÂBLE HDMI HAUTE VITESSE AVEC ETHERNET NOIR (1 MÈTRE) Câble HDMI 4K haute vitesse avec Ethernet Noir - 1 mètre ;1;NED-;NED-CVGP34000BK10;NUFARTSTKSTD;MATERIEL;ACCESSOIRES;NEDIS;0;0;; 	5,75  € ; 	8,00  € ;I1;LDLC PRO;5412810264513;
MP-VGA2HQ;Multiplicateur d'écran 2x VGA;1;GEN-;GEN-MP-VGA2HQ;NUFARTSTKSTD;MATERIEL;ACCESSOIRES;GENERIQUE;0;0;; 	35,00  € ; 	-      ;E2;;MP-VGA2HQ;
EXP40;Module d'extension LCD EXP40 pour T46;1;YEA-;YEA-EXP40;NUFARTSTKSTD;MATERIEL;ACCESSOIRES;YEALINK;0;0;; 	86,00  € ; 	89,10  € ;;EDOX;;
ZY-VMG1312-B10A;Modem routeur VDSL2& ADSL2 Wifi N;1;ZYX-;ZYX-ZY-VMG1312-B10A;NUFARTSTKSERIE;MATERIEL;RESEAU;ZYXEL;ROUTEUR;0;; 	98,60  € ; 	98,60  € ;D3;EDOX;4718937566341;
ML303130;MOBILITY LAB-HUB PURE COLOR - WHITE .;1;MOB-;MOB-ML303130;NUFARTSTKSTD;MATERIEL;ACCESSOIRES;MOBILITY LAB;0;0;; 	16,67  € ; 	-      ;B4;;3700527303130;
163/ATV/BAS/2;Mobilis Mobilities Antitheft Corporate - Câble de verrouillage - 1.8 m;1;MOB-;MOB-163/ATV/BAS/2;NUFARTSTKSTD;MATERIEL;ACCESSOIRES;MOBILIS;0;0;; 	12,46  € ; 	6,24  € ;B1;;;
T5D-02840;Microsoft Office Home and Business 2016 Ensemble de boîtes 1 PC 32/64-bit, sans support, P2 Win français zone euro;1;MIC-;MIC-T5D-02840;NUFARTSTKSTD;LOGICIELS;LOGICIELS;MICROSOFT;BUREAUTIQUE;0;; 	232,50  € ; 	209,25  € ;C3;TECH DATA FRANCE;889842090598;
DP-MMG-050MB;MicroConnect Mini DP - Displayport 0.5m M-M 1.2v Black, gold plugs;1;CAB-;CAB-DP-MMG-050MB;NUFARTSTKSTD;MATERIEL;ACCESSOIRES;MICRO CONNECT;0;0;; 	12,36  € ; 	9,89  € ;I2;EET EUROPARTS;5712505702031;
MLA22F/A;Magic Keyboard - Français;1;APP-;APP-MLA22F/A;NUFARTSTKSTD;MATERIEL;ACCESSOIRES;APPLE;0;0;; 	99,17  € ; 	99,17  € ;B4;TECH DATA FRANCE;888462650533;
910-005718;Logitech Pebble M350 Graphite Souris sans fil - ambidextre - capteur optique 1000 dpi - 3 boutons;1;LOG-;LOG-910-005718;NUFARTSTKSTD;MATERIEL;ACCESSOIRES;LOGITECH;0;0;; 	21,63  € ; 	-      ;;TECH DATA FRANCE;;
LEX80C2HCE;LEXMARK Ton HC cyan Cor 802HCE;1;LEX-;LEX-LEX80C2HCE;NUFARTSTKSTD;CONSOMMABLES;CONSOMMABLES;LEXMARK;ENCRES TONERS;0;; 	104,96  € ; 	66,67  € ;AMAZON;OCTANT;734646497176;
70C0D40;Lexmark 700D4 - Jaune - original - kit de développement LCCP - pour Lexmark CS31;1;LEX-;LEX-70C0D40;NUFARTSTKSTD;CONSOMMABLES;CONSOMMABLES;LEXMARK;ENCRES TONERS;0;; 	38,55  € ; 	-      ;BUREAU COMPTA;;734646436489;
CDEXTERNE1;Lecteur CD DVD Graveur Externe, USB 3.0 Ultra Slim Portable Graveur de CD-RW DVD-RW pour Notebook / Desktops Windows 2003/Vista/XP/7/8.1/10/Linux /Mac OS ;1;GEN-;GEN-CDEXTERNE1;NUFARTSTKSERIE;MATERIEL;PERIPHERIQUES;GENERIQUE;GRAVEURS;0;; 	29,00  € ; 	29,00  € ;D3;AMAZON;X000QTI5VT;
LDLC SSD F7 PLUS 3D NAND 240GB;"LDLC SSD F7 PLUS 3D NAND 240 GB SSD 240 Go NAND 3D TLC 2.5"" 7mm Serial ATA 6Gb/s";1;LDL-;LDL-LDLC SSD F7 PLUS 3D NAND 240GB;NUFARTSTKSERIE;MATERIEL;COMPOSANTS;LDLC;DD INTERNE;0;; 	35,79  € ; 	50,00  € ;C2;LDLC PRO;;
CLDJ02/2;LCD TV WALL MOUNT;1;CAB-;CAB-CLDJ02/2;NUFARTSTKSTD;MATERIEL;ACCESSOIRES;GENERIQUE;0;0;; 	56,00  € ; 	-      ;D4;;785014010909;
LMP-600;Lampe Sony LMP 600 - UHP - 120 Watt - pour VPL S600E, S900E, SC5;1;SON-;SON-LMP-600;NUFARTSTKSTD;MATERIEL;ACCESSOIRES;SONY;VIDEO;0;; 	974,60  € ; 	-      ;C0;;416616;
A06V453;KONICA-MINOLTAMAGICOLOR5550-;1;KON-;KON-A06V453;NUFARTSTKSTD;CONSOMMABLES;CONSOMMABLES;KONICA;ENCRES TONERS;0;; 	179,00  € ; 	-      ;AMAZON;;39281044571;
A0TM350;Konica minolta toner original tn613M;1;KON-;KON-A0TM350;NUFARTSTKSTD;CONSOMMABLES;CONSOMMABLES;KONICA;ENCRES TONERS;0;; 	104,16  € ; 	-      ;C3;;AM3503Y21C;
A0TM450;Konica minolta toner original TN613C;1;KON-;KON-A0TM450;NUFARTSTKSTD;CONSOMMABLES;CONSOMMABLES;KONICA;ENCRES TONERS;0;; 	104,16  € ; 	-      ;C3;;AC4503713C;
PAD-R042;kit émetteur S4 infrarouge + écran;1;GEN-;GEN-PAD-R042;NUFARTSTKSTD;MATERIEL;ACCESSOIRES;GENERIQUE;0;0;; 	595,00  € ; 	400,00  € ;E2;AVECO SAS;PAD-R042;
40X7623;Kit de fusion Lexmark C2130;1;LEX-;LEX-40X7623;NUFARTSTKSTD;CONSOMMABLES;CONSOMMABLES;LEXMARK;ACCESSOIRES;0;; 	-      ; 	-      ;BUREAU COMPTA;;40X7623;
S07XXX00/M;Jarretière fibre optique 12 ports;1;GEN-;GEN-S07XXX00/M;NUFARTSTKSTD;MATERIEL;RESEAU;GENERIQUE;ACCESSOIRES;0;; 	200,00  € ; 	-      ;L2;;S07XXX00-;
B006Z5AH3Y;Integral 360 Secure 4 GB USB 2.0 Flash Drive with 256-Bit Encryption Software;1;INT-;INT-B006Z5AH3Y;NUFARTSTKSTD;MATERIEL;ACCESSOIRES;INTEGRAL;0;0;; 	-      ; 	-      ;AMAZON;;;
PSE481B;INJECTEUR POWER OVER ETHERNET 48W;1;GEN-;GEN-PSE481B;NUFARTSTKSTD;MATERIEL;ACCESSOIRES;GENERIQUE;0;0;; 	-      ; 	-      ;C2;;PSE481B;
CB774B;IMPRIMANTE HP Deskjet D5560;1;HEW-;HEW-CB774B;NUFARTSTKSERIE;MATERIEL;IMPRIMANTES;HEWLETT PACKARD;JET D'ENCRE;0;CN03MDD0X0; 	85,00  € ; 	-      ;C2;;884962006597;
865408-B21;HPE 500W FS Plat Ht Plg LH Pwr Sply Kit ;1;HEW-;HEW-865408-B21;NUFARTSTKSERIE;MATERIEL;ECRANS;HEWLETT PACKARD;0;0;7C89410Y68; 	270,00  € ; 	270,00  € ;C1;ALSO;;
XW887AT#ABF;HP Thin Client t5335z;1;HEW-;HEW-XW887AT#ABF;NUFARTSTKSERIE;MATERIEL;UC WINDOWS;HEWLETT PACKARD;0;0;CN32390065; 	300,00  € ; 	-      ;B2;;886111677139;
2SR85AA#ABB;HP Spectre USB-C Travel Dock Station d'accueil USB-C VGA, HDMI 10Mb LAN;1;HEW-;HEW-2SR85AA#ABB;NUFARTSTKSTD;MATERIEL;ACCESSOIRES;HEWLETT PACKARD;0;0;; 	113,29  € ; 	113,29  € ;B3;LDLC PRO;;
454146-B21;HP Midline - Disque dur - 1 To - échangeable à chaud - 3.5*;1;HEW-;HEW-454146-B21;NUFARTSTKSERIE;MATERIEL;COMPOSANTS;HEWLETT PACKARD;DD INTERNE;0;WCAW32450095; 	-      ; 	-      ;L1;;883585297337;
G9F04AT#ABF;HP Flexible Thin Client t520 - tour - 1 x GX-212JC 1.2 GHz - RAM 4 Go;1;HEW-;HEW-G9F04AT#ABF;NUFARTSTKSERIE;MATERIEL;UC WINDOWS;HEWLETT PACKARD;0;0;CZC6117Y30; 	426,00  € ; 	428,00  € ;B2;TECH DATA FRANCE;888793090497;
J9651A;HP Dual radio 602 11 ;1;;;;;;;;;; 	-      ; 	-      ;D4;;885631739969;
675843-B21;HP - Kit de mise en oeuvre - 4U - pour ProLiant ML310e Gen8, ML310e Gen8 Base, M;1;HEW-;HEW-675843-B21;NUFARTSTKSTD;MATERIEL;ACCESSOIRES;HEWLETT PACKARD;0;0;; 	145,00  € ; 	-      ;L2;;675843-B21;
AH-HM-LIC;HiveManager Classic Perpetual license for one (1) Aerohive Device (AP, Router or Switch). Can only be used with HiveManager NMS Virtual Appliance or High Capacity HiveManager (1U) NMS Appliance.     ;1;AER-;AER-AH-HM-LIC;NUFARTSTKSTD;LOGICIELS;LOGICIELS;AEROHIVE;RESEAU;0;; 	275,00  € ; 	-      ;D2;;AH-HM-VA   ;
B00H1SUYEQ;HDMI Splitter 4 fach 1x4 1080p auch für 3D 1:4 Verteiler Full HD 1 input 4 output;1;CAB-;CAB-B00H1SUYEQ;NUFARTSTKSTD;MATERIEL;ACCESSOIRES;GENERIQUE;0;0;; 	21,99  € ; 	350,00  € ;K4;AMAZON;B00H1SUYEQ;
51824;HDMI CABLE WITH ETHERNET (10 M);1;CAB-;CAB-51824;NUFARTSTKSTD;MATERIEL;ACCESSOIRES;GENERIQUE;0;0;; 	24,96  € ; 	-      ;;LDLC PRO;4040849518249;
B000MGTVQ6;GN Netcom GN 2000 Mono Omni Micro-casque filaire ;1;JAB-;JAB-B000MGTVQ6;NUFARTSTKSTD;MATERIEL;SON;JABRA;CASQUES;0;; 	91,34  € ; 	-      ;L1;AMAZON;5706991003086;
ENAMUL-R3;ESET NOD32 Antivirus multiposte TPE PME - Renouvellement 3 ans;1;ESE-;ESE-ENAMUL-R3;NUFARTSTKSTD;LOGICIELS;LOGICIELS;ESET;ANTI VIRUS;0;; 	70,00  € ; 	60,00  € ;;ATHENA GLOBAL SERVICES;;
JD-0700FR-2;Ensemble clavier/souris sans fil DW 3000;1;CHE-;CHE-JD-0700FR-2;NUFARTSTKSTD;MATERIEL;ACCESSOIRES;CHERRY;0;0;; 	24,99  € ; 	24,99  € ;B5;ALSO;4025112081385;
SCHNSYSFP300;ENS. FIX POTEAU -PLM43;1;SCH-;SCH-SCHNSYSFP300;NUFARTSTKSTD;MATERIEL;RESEAU;SCHNEIDER;ACCESSOIRES;0;; 	159,00  € ; 	160,00  € ;C4;REXEL;3606480192500;
DS-9516NI;Enregistreur IP;1;;;;;;;;;; 	2 890,00  € ; 	-      ;H4;;DS-9516NI;
TRE06B1180240;Ecran Mobile Trépied STYLE 180 x 240cm, Format 4:3 Blanc MAT;1;;;;;;;;;; 	375,00  € ; 	-      ;I0;;;
SNP-3120VHP;E9K - SAMSUNG SNP-3120VHP PTZ DOME CCTV CAMERA H.264 600TVL IP POE NETWORK CAT5;1;SAM-;SAM-SNP-3120VHP;NUFARTSTKSERIE;MATERIEL;PERIPHERIQUES;SAMSUNG;VIDEO;0;C5G66V2ZA01057D; 	1 325,00  € ; 	-      ;E2;;SNP-3120VHP;
B00SWVF3L0;Duronic TVB777 Support de montage mural universel inclinable pour télévision de 33 à 60 pouces / 81 à 153 cm - VESA 600x400;1;DUR-;DUR-B00SWVF3L0;NUFARTSTKSTD;MATERIEL;ACCESSOIRES;DURONIC;0;0;; 	15,00  € ; 	96,03  € ;A4;AMAZON;5060184205832;
A0WG0EJ;Drum Unit, original, magenta, in Konica Minolta Box, 20.000 prints;1;KON-;KON-A0WG0EJ;NUFARTSTKSTD;CONSOMMABLES;CONSOMMABLES;KONICA;ACCESSOIRES;0;; 	160,00  € ; 	165,00  € ;AMAZON;THS;39281053597;
A0WG0KJ;Drum Unit, original, cyan, in Konica Minolta Box, 20.000 prints;1;KON-;KON-A0WG0KJ;NUFARTSTKSTD;CONSOMMABLES;CONSOMMABLES;KONICA;ACCESSOIRES;0;; 	165,00  € ; 	-      ;AMAZON;THS;39281053610;
A0WG13J;Drum Unit, original, black, in Konica Minolta Box, 20.000 prints ;1;DEV-;DEV-A0WG13J;NUFARTSTKSTD;CONSOMMABLES;CONSOMMABLES;DEVELOP;ENCRES TONERS;0;; 	90,00  € ; 	-      ;C3;;A0WG13J;
A0WG03J;Drum Unit, original, black, in Konica Minolta Box, 20.000 prints ;1;KON-;KON-A0WG03J;NUFARTSTKSTD;CONSOMMABLES;CONSOMMABLES;KONICA;ACCESSOIRES;0;; 	90,00  € ; 	160,00  € ;AMAZON;THS;39281053634;
A0XV-1TD;Drum unit DR311;1;DEV-;DEV-A0XV-1TD;NUFARTSTKSTD;CONSOMMABLES;CONSOMMABLES;DEVELOP;ENCRES TONERS;0;; 	350,00  € ; 	-      ;AMAZON;;A0XV-1TD;
DVRH264;Digital Video Recorder H264;1;GEN-;GEN-DVRH264;NUFARTSTKSERIE;MATERIEL;PERIPHERIQUES;GENERIQUE;VIDEO;0;; 	170,00  € ; 	-      ;E1;;DVRH264;
DT+203S;Develop Toner, original, Typ 213K ineo + 203, 253;1;RIC-;RIC-DT+203S;NUFARTSTKSTD;CONSOMMABLES;CONSOMMABLES;RICOH;ENCRES TONERS;0;; 	49,00  € ; 	49,00  € ;AMAZON;THS;1PA0D71D2;
407-BBOS;"Dell Module transmetteur SFP (mini-GBIC) GigE 1000Base-T pour EMC Networking N3132; EMC PowerEdge R440, R540, R740, R940, T440, T640; Networking S6010";1;DEL-;DEL-407-BBOS;NUFARTSTKSTD;MATERIEL;RESEAU;DELL;ACCESSOIRES;0;; 	95,00  € ; 	107,10  € ;;TECH DATA FRANCE;;
CT8G3S160BMCEU;Crucial 8Go DDR3 1600 MT/s (PC3-12800) SODIMM 204-Pin Memory for Mac - CT8G3S160BMCEU ;1;CRU-;CRU-CT8G3S160BMCEU;NUFARTSTKSTD;MATERIEL;COMPOSANTS;CRUCIAL;MEMOIRES;0;; 	79,00  € ; 	55,00  € ;C3;AMAZON;649528762344;
2052042;Cordon Display Port 1.2 M vers HDMI 1.4 M - AWG30 - 3m;1;CAB-;CAB-2052042;NUFARTSTKSTD;MATERIEL;ACCESSOIRES;GENERIQUE;0;0;; 	13,00  € ; 	13,00  € ;;NEKLAN;;
F2F90207-02M;COND PTCH,ST * /SC,8.3/125>62.5/125,2M;1;BEL-;BEL-F2F90207-02M;NUFARTSTKSTD;MATERIEL;ACCESSOIRES;BELKIN;0;0;; 	71,46  € ; 	-      ;K4;;722868621004;
JL381A;Commutateur Ethernet HP OfficeConnect 1920S 24G 2SFP 24 Ports Gérable - 24 x Gigabit Ethernet Réseau, 2 x Gigabit Ethernet Uplink - Modulaire - Paire torsadée, Fibre Optique - 3 Couche supportée - 1U Haut - Montable en rack;1;HEW-;HEW-JL381A;NUFARTSTKSERIE;MATERIEL;RESEAU;HEWLETT PACKARD;SWITCH;0;CN88K3L4G5; 	409,00  € ; 	339,15  € ;C1;INGRAM MICRO;190017137407;
SCHNSYPLM43G;COF.IP66POL430X330X200PL.;1;SCH-;SCH-SCHNSYPLM43G;NUFARTSTKSTD;MATERIEL;RESEAU;SCHNEIDER;ACCESSOIRES;0;; 	159,00  € ; 	153,00  € ;D5;REXEL;3606480776519;
JD-0710FR-2;CHERRY DW 3000 Ensemble clavier et souris sans fil RF, 2.4 GHz français (AZERTY) noir;1;CHE-;CHE-JD-0710FR-2;NUFARTSTKSTD;MATERIEL;ACCESSOIRES;CHERRY;0;0;; 	23,99  € ; 	23,99  € ;;LDLC PRO;;
TN213Y;CARTOUCHE TN213Y JAUNE INEO+203/253;1;BRO-;BRO-TN213Y;NUFARTSTKSTD;CONSOMMABLES;CONSOMMABLES;BROTHER;ENCRES TONERS;0;; 	135,00  € ; 	-      ;AMAZON;;1PA0D72D2;
TN213C;CARTOUCHE TN213 CYAN INEO-203/253;1;BRO-;BRO-TN213C;NUFARTSTKSTD;CONSOMMABLES;CONSOMMABLES;BROTHER;ENCRES TONERS;0;; 	-      ; 	-      ;AMAZON;;1PA0D74D2;
SDR/256GB;Carte mémoire SDXC UHS-I U3 256 Go;1;KIN-;KIN-SDR/256GB;NUFARTSTKSTD;MATERIEL;ACCESSOIRES;KINGSTON;MEMOIRES;0;; 	83,29  € ; 	54,72  € ;;TECH DATA FRANCE;740617275933;
KX-NCP1104X;CARTE DSP 4 VOIES TELEPHONIE VOIP;1;PAN-;PAN-KX-NCP1104X;NUFARTSTKSTD;MATERIEL;RESEAU;PANASONIC;ACCESSOIRES;0;; 	300,00  € ; 	399,00  € ;K1;INTEGRASYS;5025232487240;
DS-2CD752MF-FB;Camera dome Hikvision;1;HIK-;HIK-DS-2CD752MF-FB;NUFARTSTKSERIE;MATERIEL;PERIPHERIQUES;HIKVISION;VIDEO;0;402938001; 	1 000,00  € ; 	-      ;D3;;DS-2CD752MF-FB;
DS-2DE5220IW-AE;Caméra Dôme 2MP zoom 20X 150m IR;1;HIK-;HIK-DS-2DE5220IW-AE;NUFARTSTKSTD;MATERIEL;ACCESSOIRES;HIKVISION;VIDEO;0;; 	1 700,00  € ; 	1 417,50  € ;;ACTN;;
CABRJ45RS232;Cable RS232/RJ45 1,5m;1;CAB-;CAB-CABRJ45RS232;NUFARTSTKSTD;MATERIEL;ACCESSOIRES;GENERIQUE;0;0;; 	9,00  € ; 	-      ;I3;;CABRJ45RS232;
FCC5EM-5M;cable réseau 5m;1;;;;;;;;;; 	2,81  € ; 	6,00  € ;I3;ALSO;3700224706432;
35232;Câble mini optique 2m;1;CAB-;CAB-35232;NUFARTSTKSTD;MATERIEL;ACCESSOIRES;GENERIQUE;0;0;; 	19,00  € ; 	-      ;K4;;;
B07HDMIDVI;Cable HDMI vers DVI;1;CAB-;CAB-B07HDMIDVI;NUFARTSTKSTD;MATERIEL;ACCESSOIRES;GENERIQUE;0;0;; 	9,00  € ; 	9,00  € ;;AMAZON;X000PU75HJ;
CVGP34000BK15;Câble HDMI 4K haute vitesse avec Ethernet Noir - 1.5 mètre;1;NED-;NED-CVGP34000BK15;NUFARTSTKSTD;MATERIEL;ACCESSOIRES;NEDIS;0;0;; 	9,00  € ; 	9,00  € ;B4;LDLC PRO;;
1285718-62;Câble de raccordement Axing MAK 200-80 [1x F mâle - 1x F mâle] 2 m blanc;1;CAB-;CAB-1285718-62;NUFARTSTKSTD;MATERIEL;ACCESSOIRES;GENERIQUE;0;0;; 	6,76  € ; 	6,76  € ;A3;CONRAD;7611682001150;
MC712-1.5M;Câble audio stéréo jack 3,5 mâle / mâle - 1.5m;1;MCL-;MCL-MC712-1.5M;NUFARTSTKSTD;MATERIEL;ACCESSOIRES;MCL;0;0;; 	1,57  € ; 	8,55  € ;I3;TECH DATA FRANCE;3700224735029;
SLC500-8E;Câble antivol V7 1,5m;1;V7-;V7-SLC500-8E;NUFARTSTKSTD;MATERIEL;ACCESSOIRES;V7;0;0;; 	19,99  € ; 	7,43  € ;B1;;4038489014269;
MQ4444V;Boîtier de table en saillie vide 4 plastrons;1;GEN-;GEN-MQ4444V;NUFARTSTKSTD;MATERIEL;ACCESSOIRES;GENERIQUE;0;0;; 	91,00  € ; 	89,00  € ;K1;ERARD D3C;MQ4444V;
MD-EU;Bluelounge MINIDOCKIPHONE Adaptateur de charge pour iPod et iPhone;1;BLU-;BLU-MD-EU;NUFARTSTKSTD;MATERIEL;ACCESSOIRES;BLUELOUNGE;0;0;; 	4,16  € ; 	4,08  € ;AMAZON;;736211527677;
5J.J8M10.001;Benq WM04G4 5J.J8M10.001 Wall Projector Mount for Benq Ultra Short Projectors;1;BEN-;BEN-5J.J8M10.001;NUFARTSTKSERIE;MATERIEL;ECRANS;BENQ;0;0;; 	-      ; 	-      ;A0;;4718755051852;
BX500CI;Back-UPS 500VA AVR IEC outlets line interactive;1;APC-;APC-BX500CI;NUFARTSTKSERIE;MATERIEL;PERIPHERIQUES;APC;ONDULEURS;0;5B1928T14393; 	109,00  € ; 	89,10  € ;C1;TECH DATA FRANCE;;
AVERC20I;AVER Chariot de recharge pour 16 PC portable - Design compact et ergonomique  - Charge intelligente avancée - Prises auxiliaires externes - LED de statut de charge;1;AVE-;AVE-AVERC20I;NUFARTSTKSTD;MATERIEL;ACCESSOIRES;AVER;EDUCATION;0;; 	1 097,10  € ; 	1 097,10  € ;;EET EUROPARTS;;
TL-WPA4220KIT;AV500 2-port WiFi Powerline Extender KIT, including 1 TL-WPA4220 and 1 TL-PA4010;1;;;;;;;;;; 	66,81  € ; 	66,81  € ;D3;LDLC PRO;6935364032258;
MD464ZM/A;Apple Thunderbolt to FireWire Adapter;1;APP-;APP-MD464ZM/A;NUFARTSTKSTD;MATERIEL;ACCESSOIRES;APPLE;0;0;; 	29,17  € ; 	29,17  € ;B4;TECH DATA FRANCE;4547597800867;
858170;Antenne RLAN;1;GEN-;GEN-858170;NUFARTSTKSTD;MATERIEL;RESEAU;GENERIQUE;ACCESSOIRES;0;; 	1 500,00  € ; 	-      ;A2;;858170;
75631;Angle extérieur 85 à 120° - pour goulotte à clippage direct Prog Mosaic 50x80;1;GEN-;GEN-75631;NUFARTSTKSTD;MATERIEL;ACCESSOIRES;GENERIQUE;0;0;; 	-      ; 	-      ;K3;;3245060756314;
MA200;"Amplificateur mélangeur - Puissance: 200 Watt 100V et impédance de sortie 8 Ohm, 1x entrée jack niveau micro en façade 2 entrées XLR avec priorité thomann à l'arrière, Entrées 2 à 4 XLR niveau micro avec alimentation fantôme commutable 3 entrées ligne Sortie enregistrement 3 niveaux de priorités EQ 2 bandes Sortie 8 Ohm vers 4 enceintes avec interrupteur marche/ arrêt Format rack 19"" - 2U";1;GEN-;GEN-MA200;NUFARTSTKSTD;MATERIEL;ACCESSOIRES;GENERIQUE;0;0;; 	720,00  € ; 	684,00  € ;A1;THOMANN;1606357704822;
MP-5000;Amplificateur Mc Crypt MP 5000;1;MCC-;MCC-MP-5000;NUFARTSTKSTD;MATERIEL;SON;MC CRYPT;0;0;; 	115,83  € ; 	-      ;L4;;;
MP-2000;Amplificateur Mc Crypt MP 2000;1;MCC-;MCC-MP-2000;NUFARTSTKSTD;MATERIEL;SON;MC CRYPT;0;0;; 	80,00  € ; 	-      ;L4;;;
BX-208U3;ADVANCE MOBILITY DISK S8 Boitier externe USB 3.0 en métal pour disque dur 2.5'' SATA;1;ADV-;ADV-BX-208U3;NUFARTSTKSTD;MATERIEL;ACCESSOIRES;ADVANCE;0;0;; 	14,08  € ; 	-      ;C2;LDLC PRO;;
75690;Accessoire Soluclip - pour goulotte Prog Mosaic clip direct - Blanc;1;GEN-;GEN-75690;NUFARTSTKSTD;MATERIEL;ACCESSOIRES;GENERIQUE;0;0;; 	-      ; 	-      ;K3;;3245060756901;
PM-MZ80;ABPUS Premium screen modèle PM-MZ80;1;;;;;;;;;; 	-      ; 	-      ;I0;;;
810759;2 Angles Extérieurs 15x30 Mm;1;GEN-;GEN-810759;NUFARTSTKSTD;MATERIEL;ACCESSOIRES;GENERIQUE;0;0;; 	-      ; 	-      ;K3;;4018475250864;
F26084-V320-A110;19x Fujitsu Keyboard and Mouse F26084-V320-A110;1;FUJ-;FUJ-F26084-V320-A110;NUFARTSTKSTD;MATERIEL;ACCESSOIRES;FUJITSU;0;0;; 	-      ; 	-      ;B2;;10600198781;
