Product Name;Part;Part Description;Part Type;Labor Tier;Currency;Stock Price;Exchange Price;EEE Code;Substitute Part;Component Group;Serialized Module;Requires Diagnostic
Apple Watch Hermes 38mm;923-00722;Black/Sand, 38mm, Classic Buckle;OTHER; ;EUR;140,83;0;; ; ;N;N
iPhone 5;S4900Z/A;IPHONE 5 FLAT RATE CHARGE EMEA-INT; ; ;EUR;232,5;0;; ; ;N;N
iPhone 5;S4904Z/A;IPHONE 5 NON-REPAIRABLE 16G EMEA-INT; ; ;EUR;232,5;0;; ; ;N;N
iPhone 5;S4906Z/A;IPHONE 5 NON-REPAIRABLE 32G EMEA-INT; ; ;EUR;232,5;0;; ; ;N;N
iPhone 5;S4908Z/A;IPHONE 5 NON-REPAIRABLE 64G EMEA-INT; ; ;EUR;232,5;0;; ; ;N;N
iPhone 5;S4902Z/A;IPHONE 5 REPAIRABLE DAMAGE CHRG EMEA-INT; ; ;EUR;216,22;0;; ; ;N;N
iPhone 5c;S5136Z/A;IPHONE 5C FLAT RATE CHARGE EMEA-INT; ; ;EUR;232,5;0;; ; ;N;N
iPhone 5c;S5138Z/A;IPHONE 5C NON-REPAIRABLE 16G EMEA-INT; ; ;EUR;232,5;0;; ; ;N;N
iPhone 5c;S5139Z/A;IPHONE 5C NON-REPAIRABLE 32G EMEA-INT; ; ;EUR;232,5;0;; ; ;N;N
iPhone 5c;S5188Z/A;IPHONE 5C NON-REPAIRABLE 8G EMEA-INT; ; ;EUR;232,5;0;; ; ;N;N
iPhone 5c;S5137Z/A;IPHONE 5C REPAIRABLE DAMAGE CHG EMEA-INT; ; ;EUR;232,5;0;; ; ;N;N
iPhone 5s;S5125Z/A;IPHONE 5S FLAT RATE CHARGE EMEA-INT; ; ;EUR;232,5;0;; ; ;N;N
iPhone 5s;S5127Z/A;IPHONE 5S NON-REPAIRABLE 16G EMEA-INT; ; ;EUR;424,17;0;; ; ;N;N
iPhone 5s;S5128Z/A;IPHONE 5S NON-REPAIRABLE 32G EMEA-INT; ; ;EUR;465,83;0;; ; ;N;N
iPhone 5s;S5129Z/A;IPHONE 5S NON-REPAIRABLE 64G EMEA-INT; ; ;EUR;632,5;0;; ; ;N;N
iPhone 5s;S5126Z/A;IPHONE 5S REPAIRABLE DAMAGE CHG EMEA-INT; ; ;EUR;232,5;0;; ; ;N;N
iPhone 6;S5354Z/A;IPHONE 6 DISPLAY REPAIR; ; ;EUR;76,03;0;; ; ;N;N
iPhone 6;S5516Z/A;IPHONE 6 DISPLAY WHOLE UNIT REPLACEMENT; ; ;EUR;95,83;0;; ; ;N;N
iPhone 6;S5237Z/A;IPHONE 6 NON-REPAIRABLE 128G EMEA-INT; ; ;EUR;715,83;0;; ; ;N;N
iPhone 6;S5233Z/A;IPHONE 6 NON-REPAIRABLE 16G EMEA-INT; ; ;EUR;532,5;0;; ; ;N;N
iPhone 6;S5235Z/A;IPHONE 6 NON-REPAIRABLE 64G EMEA-INT; ; ;EUR;624,17;0;; ; ;N;N
iPhone 6 Plus;S5227Z/A;IPHONE 6 PLUS NON-REPAIRABLE 128G EMEA; ; ;EUR;807,5;0;; ; ;N;N
iPhone 6 Plus;S5223Z/A;IPHONE 6 PLUS NON-REPAIRABLE 16G EMEA; ; ;EUR;624,17;0;; ; ;N;N
iPhone 6 Plus;S5225Z/A;IPHONE 6 PLUS NON-REPAIRABLE 64G EMEA; ; ;EUR;715,83;0;; ; ;N;N
iPhone 6;S5229Z/A;IPHONE 6/6S FLAT RATE CHARGE EMEA-INT; ; ;EUR;257,5;0;; ; ;N;N
iPhone 6s;S5229Z/A;IPHONE 6/6S FLAT RATE CHARGE EMEA-INT; ; ;EUR;257,5;0;; ; ;N;N
iPhone 6;S5231Z/A;iPhone 6/6s Repairable Damage Charge - EMEA; ; ;EUR;257,5;0;; ; ;N;N
iPhone 6s;S5231Z/A;iPhone 6/6s Repairable Damage Charge - EMEA; ; ;EUR;257,5;0;; ; ;N;N
iPhone 6 Plus;S5219Z/A;IPHONE 6+/6S+ FLAT RATE CHARGE EMEA-INT; ; ;EUR;282,5;0;; ; ;N;N
iPhone 6s Plus;S5219Z/A;IPHONE 6+/6S+ FLAT RATE CHARGE EMEA-INT; ; ;EUR;282,5;0;; ; ;N;N
iPhone 6 Plus;S5221Z/A;IPHONE 6+/6S+ REPAIRABLE DAMAGE CHG EMEA; ; ;EUR;282,5;0;; ; ;N;N
iPhone 6s Plus;S5221Z/A;IPHONE 6+/6S+ REPAIRABLE DAMAGE CHG EMEA; ; ;EUR;282,5;0;; ; ;N;N
iPhone 6s;S5619Z/A;IPHONE 6S 128G NON-REPAIRABLE; ; ;EUR;807,5;0;; ; ;N;N
iPhone 6s;S5615Z/A;IPHONE 6S 16G NON-REPAIRABLE; ; ;EUR;624,17;0;; ; ;N;N
iPhone 6s;S5617Z/A;IPHONE 6S 64G NON-REPAIRABLE; ; ;EUR;715,83;0;; ; ;N;N
iPhone 6s;S5604Z/A;IPHONE 6S DISPLAY REPAIR-INT; ; ;EUR;89,26;0;; ; ;N;N
iPhone 6s Plus;S5613Z/A;IPHONE 6S PLUS 128G NON-REPAIRABLE; ; ;EUR;899,17;0;; ; ;N;N
iPhone 6s Plus;S5609Z/A;IPHONE 6S PLUS 16G NON-REPAIRABLE; ; ;EUR;715,83;0;; ; ;N;N
iPhone 6s Plus;S5611Z/A;IPHONE 6S PLUS 64G NON-REPAIRABLE; ; ;EUR;807,5;0;; ; ;N;N
iPhone 6s Plus;S5606Z/A;IPHONE 6S PLUS DISPLAY REPAIR; ; ;EUR;102,48;0;; ; ;N;N
iPhone 6s Plus;S5607Z/A;IPHONE 6S PLUS DISPLAY WU REPLACEMENT; ; ;EUR;102,48;0;; ; ;N;N
iPhone 6s Plus;S5599Z/A;IPHONE 6S PLUS TIER 4 MODULE RPLCMNT CHG; ; ;EUR;102,48;0;; ; ;N;N
iPhone 5;S4145Z/A;IPHONE BATTERY RPLCMNT CHARGE-EMEA-INT; ; ;EUR;65,83;0;; ; ;N;N
iPhone 5c;S4145Z/A;IPHONE BATTERY RPLCMNT CHARGE-EMEA-INT; ; ;EUR;65,83;0;; ; ;N;N
iPhone 5s;S4145Z/A;IPHONE BATTERY RPLCMNT CHARGE-EMEA-INT; ; ;EUR;65,83;0;; ; ;N;N
iPhone 6;S4145Z/A;IPHONE BATTERY RPLCMNT CHARGE-EMEA-INT; ; ;EUR;65,83;0;; ; ;N;N
iPhone 6 Plus;S4145Z/A;IPHONE BATTERY RPLCMNT CHARGE-EMEA-INT; ; ;EUR;65,83;0;; ; ;N;N
iPhone 6s;S4145Z/A;IPHONE BATTERY RPLCMNT CHARGE-EMEA-INT; ; ;EUR;65,83;0;; ; ;N;N
iPhone 6s Plus;S4145Z/A;IPHONE BATTERY RPLCMNT CHARGE-EMEA-INT; ; ;EUR;65,83;0;; ; ;N;N
iPhone 5;S5355Z/A;IPHONE DISPLAY REPAIR; ; ;EUR;89,26;0;; ; ;N;N
iPhone 5c;S5355Z/A;IPHONE DISPLAY REPAIR; ; ;EUR;89,26;0;; ; ;N;N
iPhone 5s;S5355Z/A;IPHONE DISPLAY REPAIR; ; ;EUR;89,26;0;; ; ;N;N
iPhone 6 Plus;S5355Z/A;IPHONE DISPLAY REPAIR; ; ;EUR;89,26;0;; ; ;N;N
iPhone 5;S5517Z/A;IPHONE DISPLAY WHOLE UNIT REPLACEMENT; ; ; ;;;; ; ;N;N
iPhone 5c;S5517Z/A;IPHONE DISPLAY WHOLE UNIT REPLACEMENT; ; ; ;;;; ; ;N;N
iPhone 5s;S5517Z/A;IPHONE DISPLAY WHOLE UNIT REPLACEMENT; ; ; ;;;; ; ;N;N
iPhone 6 Plus;S5517Z/A;IPHONE DISPLAY WHOLE UNIT REPLACEMENT; ; ; ;;;; ; ;N;N
iPhone 6s;S5517Z/A;IPHONE DISPLAY WHOLE UNIT REPLACEMENT; ; ; ;;;; ; ;N;N
iPhone 5;S4144Z/A;IPHONE TIER 1 BATTERY RPLCMNT CHARGE-INT; ; ;EUR;65,83;0;; ; ;N;N
iPhone 5c;S4144Z/A;IPHONE TIER 1 BATTERY RPLCMNT CHARGE-INT; ; ;EUR;65,83;0;; ; ;N;N
iPhone 5s;S4144Z/A;IPHONE TIER 1 BATTERY RPLCMNT CHARGE-INT; ; ;EUR;65,83;0;; ; ;N;N
iPhone 6;S4144Z/A;IPHONE TIER 1 BATTERY RPLCMNT CHARGE-INT; ; ;EUR;65,83;0;; ; ;N;N
iPhone 6 Plus;S4144Z/A;IPHONE TIER 1 BATTERY RPLCMNT CHARGE-INT; ; ;EUR;65,83;0;; ; ;N;N
iPhone 6s;S4144Z/A;IPHONE TIER 1 BATTERY RPLCMNT CHARGE-INT; ; ;EUR;65,83;0;; ; ;N;N
iPhone 6s Plus;S4144Z/A;IPHONE TIER 1 BATTERY RPLCMNT CHARGE-INT; ; ;EUR;65,83;0;; ; ;N;N
iPhone 5;S4884Z/A;IPHONE TIER 2 MODULE RPLCMNT CHG EMEA-IN; ; ;EUR;23,97;0;; ; ;N;N
iPhone 5c;S4884Z/A;IPHONE TIER 2 MODULE RPLCMNT CHG EMEA-IN; ; ;EUR;23,97;0;; ; ;N;N
iPhone 5s;S4884Z/A;IPHONE TIER 2 MODULE RPLCMNT CHG EMEA-IN; ; ;EUR;23,97;0;; ; ;N;N
iPhone 6;S4884Z/A;IPHONE TIER 2 MODULE RPLCMNT CHG EMEA-IN; ; ;EUR;23,97;0;; ; ;N;N
iPhone 6 Plus;S4884Z/A;IPHONE TIER 2 MODULE RPLCMNT CHG EMEA-IN; ; ;EUR;23,97;0;; ; ;N;N
iPhone 6s;S4884Z/A;IPHONE TIER 2 MODULE RPLCMNT CHG EMEA-IN; ; ;EUR;23,97;0;; ; ;N;N
iPhone 6s Plus;S4884Z/A;IPHONE TIER 2 MODULE RPLCMNT CHG EMEA-IN; ; ;EUR;23,97;0;; ; ;N;N
iPhone 5;S4886Z/A;IPHONE TIER 3 MODULE RPLCMNT CHG EMEA-IN; ; ;EUR;48,76;0;; ; ;N;N
iPhone 5c;S4886Z/A;IPHONE TIER 3 MODULE RPLCMNT CHG EMEA-IN; ; ;EUR;48,76;0;; ; ;N;N
iPhone 5s;S4886Z/A;IPHONE TIER 3 MODULE RPLCMNT CHG EMEA-IN; ; ;EUR;48,76;0;; ; ;N;N
iPhone 6;S4886Z/A;IPHONE TIER 3 MODULE RPLCMNT CHG EMEA-IN; ; ;EUR;48,76;0;; ; ;N;N
iPhone 6 Plus;S4886Z/A;IPHONE TIER 3 MODULE RPLCMNT CHG EMEA-IN; ; ;EUR;48,76;0;; ; ;N;N
iPhone 6s;S4886Z/A;IPHONE TIER 3 MODULE RPLCMNT CHG EMEA-IN; ; ;EUR;48,76;0;; ; ;N;N
iPhone 6s Plus;S4886Z/A;IPHONE TIER 3 MODULE RPLCMNT CHG EMEA-IN; ; ;EUR;48,76;0;; ; ;N;N
iPhone 5;S4968Z/A;IPHONE TIER 4 MODULE RPLCMNT CHG EMEA-IN; ; ;EUR;89,26;0;; ; ;N;N
iPhone 5c;S4968Z/A;IPHONE TIER 4 MODULE RPLCMNT CHG EMEA-IN; ; ;EUR;89,26;0;; ; ;N;N
iPhone 5s;S4968Z/A;IPHONE TIER 4 MODULE RPLCMNT CHG EMEA-IN; ; ;EUR;89,26;0;; ; ;N;N
iPhone 6 Plus;S4968Z/A;IPHONE TIER 4 MODULE RPLCMNT CHG EMEA-IN; ; ;EUR;89,26;0;; ; ;N;N
iPhone 6s;S4968Z/A;IPHONE TIER 4 MODULE RPLCMNT CHG EMEA-IN; ; ;EUR;89,26;0;; ; ;N;N
iPhone 5;S5180Z/A;REPAIR CHARGE,FLAT RATE,IPHONE 5,SWB-INT; ; ;EUR;230,58;0;; ; ;N;N
iPhone 5;S5185Z/A;REPAIR CHARGE,TIER 2,IPHONE 5,SWB QP VAT; ; ;EUR;230,58;0;; ; ;N;N
Beatbox Portable (2nd generation);S5275Z/A;ROR FLAT RATE,BEATS,BEATBOX PORTABLE; ; ;EUR;141,75;0;; ; ;N;N
Beatbox Portable (3rd generation);S5275Z/A;ROR FLAT RATE,BEATS,BEATBOX PORTABLE; ; ;EUR;141,75;0;; ; ;N;N
Executive;S5270Z/A;ROR FLAT RATE,BEATS,EXECUTIVE; ; ;EUR;156,75;0;; ; ;N;N
Mixr;S5267Z/A;ROR FLAT RATE,BEATS,MIXR; ; ;EUR;101,25;0;; ; ;N;N
Beats Pill 2.0;S5276Z/A;ROR FLAT RATE,BEATS,PILL; ; ;EUR;78,75;0;; ; ;N;N
PILL 2.0, MCM;S5276Z/A;ROR FLAT RATE,BEATS,PILL; ; ;EUR;78,75;0;; ; ;N;N
Pill 1.0;S5276Z/A;ROR FLAT RATE,BEATS,PILL; ; ;EUR;78,75;0;; ; ;N;N
Pill 2.0;S5276Z/A;ROR FLAT RATE,BEATS,PILL; ; ;EUR;78,75;0;; ; ;N;N
Pill XL;S5277Z/A;ROR FLAT RATE,BEATS,PILL XL; ; ;EUR;141,75;0;; ; ;N;N
PRO,FENDI,BLACK;S5272Z/A;ROR FLAT RATE,BEATS,PRO; ; ;EUR;156,75;0;; ; ;N;N
PRO,FENDI,BLUE CYAN;S5272Z/A;ROR FLAT RATE,BEATS,PRO; ; ;EUR;156,75;0;; ; ;N;N
PRO,FENDI,RED FIRE;S5272Z/A;ROR FLAT RATE,BEATS,PRO; ; ;EUR;156,75;0;; ; ;N;N
PRO,FENDI,TRUE BLUE;S5272Z/A;ROR FLAT RATE,BEATS,PRO; ; ;EUR;156,75;0;; ; ;N;N
PRO,FENDI,WHITE;S5272Z/A;ROR FLAT RATE,BEATS,PRO; ; ;EUR;156,75;0;; ; ;N;N
PRO,FENDI,YELLOW SUNFLOWER;S5272Z/A;ROR FLAT RATE,BEATS,PRO; ; ;EUR;156,75;0;; ; ;N;N
Pro;S5272Z/A;ROR FLAT RATE,BEATS,PRO; ; ;EUR;156,75;0;; ; ;N;N
Solo (1st generation);S5268Z/A;ROR FLAT RATE,BEATS,SOLO; ; ;EUR;78,75;0;; ; ;N;N
Solo 2;S5268Z/A;ROR FLAT RATE,BEATS,SOLO; ; ;EUR;78,75;0;; ; ;N;N
Solo HD;S5268Z/A;ROR FLAT RATE,BEATS,SOLO; ; ;EUR;78,75;0;; ; ;N;N
Studio (1st generation);S5271Z/A;ROR FLAT RATE,BEATS,STUDIO 1/2; ; ;EUR;119,25;0;; ; ;N;N
Studio (2nd Generation);S5271Z/A;ROR FLAT RATE,BEATS,STUDIO 1/2; ; ;EUR;119,25;0;; ; ;N;N
Studio (2nd generation);S5271Z/A;ROR FLAT RATE,BEATS,STUDIO 1/2; ; ;EUR;119,25;0;; ; ;N;N
Studio Wireless;S5273Z/A;ROR FLAT RATE,BEATS,STUDIO 2 WIRELESS; ; ;EUR;156,75;0;; ; ;N;N
Beats Tour (2nd generation);S5208Z/A;ROR FLAT RATE,BEATS,WIRED EARPHONE; ; ;EUR;48,75;0;; ; ;N;N
Heartbeats (2nd generation);S5208Z/A;ROR FLAT RATE,BEATS,WIRED EARPHONE; ; ;EUR;48,75;0;; ; ;N;N
Powerbeats (1st generation);S5208Z/A;ROR FLAT RATE,BEATS,WIRED EARPHONE; ; ;EUR;48,75;0;; ; ;N;N
Powerbeats2;S5208Z/A;ROR FLAT RATE,BEATS,WIRED EARPHONE; ; ;EUR;48,75;0;; ; ;N;N
Tour (1st generation);S5208Z/A;ROR FLAT RATE,BEATS,WIRED EARPHONE; ; ;EUR;48,75;0;; ; ;N;N
Tour (2nd generation);S5208Z/A;ROR FLAT RATE,BEATS,WIRED EARPHONE; ; ;EUR;48,75;0;; ; ;N;N
Tour 2.5;S5208Z/A;ROR FLAT RATE,BEATS,WIRED EARPHONE; ; ;EUR;48,75;0;; ; ;N;N
URBEATS (2ND GENERATION), GLOSS WHITE;S5208Z/A;ROR FLAT RATE,BEATS,WIRED EARPHONE; ; ;EUR;48,75;0;; ; ;N;N
URBEATS (2ND GENERATION), MATTE BLACK;S5208Z/A;ROR FLAT RATE,BEATS,WIRED EARPHONE; ; ;EUR;48,75;0;; ; ;N;N
urBeats (1st generation);S5208Z/A;ROR FLAT RATE,BEATS,WIRED EARPHONE; ; ;EUR;48,75;0;; ; ;N;N
urBeats (2nd Generation);S5208Z/A;ROR FLAT RATE,BEATS,WIRED EARPHONE; ; ;EUR;48,75;0;; ; ;N;N
urBeats (2nd generation);S5208Z/A;ROR FLAT RATE,BEATS,WIRED EARPHONE; ; ;EUR;48,75;0;; ; ;N;N
Powerbeats2 Wireless;S5266Z/A;ROR FLAT RATE,BEATS,WIRELESS EARPHONE; ; ;EUR;78,75;0;; ; ;N;N
Solo2 Wireless;S5269Z/A;ROR FLAT RATE,BEATS,WL 1.5 & SOLO 2 WL; ; ;EUR;101,25;0;; ; ;N;N
Wireless (1.5);S5269Z/A;ROR FLAT RATE,BEATS,WL 1.5 & SOLO 2 WL; ; ;EUR;101,25;0;; ; ;N;N
Beatbox Portable (2nd generation);S5304Z/A;ROR NON-REPAIRABLE,BEATS,BEATBOX PORT 2; ; ;EUR;333,3;0;; ; ;N;N
Beatbox Portable (3rd generation);S5305Z/A;ROR NON-REPAIRABLE,BEATS,BEATBOX PORT 3; ; ;EUR;333,3;0;; ; ;N;N
Executive;S5299Z/A;ROR NON-REPAIRABLE,BEATS,EXECUTIVE; ; ;EUR;249,96;0;; ; ;N;N
Heartbeats (2nd generation);S5289Z/A;ROR NON-REPAIRABLE,BEATS,HEARTBEATS 2; ; ;EUR;83,29;0;; ; ;N;N
Mixr;S5295Z/A;ROR NON-REPAIRABLE,BEATS,MIXR; ; ;EUR;208,29;0;; ; ;N;N
Pill 1.0;S5214Z/A;ROR NON-REPAIRABLE,BEATS,PILL 1; ; ;EUR;149,96;0;; ; ;N;N
Beats Pill 2.0;S5306Z/A;ROR NON-REPAIRABLE,BEATS,PILL 2; ; ;EUR;166,63;0;; ; ;N;N
PILL 2.0, MCM;S5306Z/A;ROR NON-REPAIRABLE,BEATS,PILL 2; ; ;EUR;166,63;0;; ; ;N;N
Pill 2.0;S5306Z/A;ROR NON-REPAIRABLE,BEATS,PILL 2; ; ;EUR;166,63;0;; ; ;N;N
Pill XL;S5307Z/A;ROR NON-REPAIRABLE,BEATS,PILL XL 1; ; ;EUR;249,96;0;; ; ;N;N
Powerbeats (1st generation);S5290Z/A;ROR NON-REPAIRABLE,BEATS,POWERBEATS 1; ; ;EUR;124,96;0;; ; ;N;N
Powerbeats2;S5291Z/A;ROR NON-REPAIRABLE,BEATS,POWERBEATS 2; ; ;EUR;124,96;0;; ; ;N;N
Powerbeats2 Wireless;S5292Z/A;ROR NON-REPAIRABLE,BEATS,POWERBEATS 2 WL; ; ;EUR;166,63;0;; ; ;N;N
PRO,FENDI,BLACK;S5301Z/A;ROR NON-REPAIRABLE,BEATS,PRO 1; ; ;EUR;333,3;0;; ; ;N;N
PRO,FENDI,BLUE CYAN;S5301Z/A;ROR NON-REPAIRABLE,BEATS,PRO 1; ; ;EUR;333,3;0;; ; ;N;N
PRO,FENDI,RED FIRE;S5301Z/A;ROR NON-REPAIRABLE,BEATS,PRO 1; ; ;EUR;333,3;0;; ; ;N;N
PRO,FENDI,TRUE BLUE;S5301Z/A;ROR NON-REPAIRABLE,BEATS,PRO 1; ; ;EUR;333,3;0;; ; ;N;N
PRO,FENDI,WHITE;S5301Z/A;ROR NON-REPAIRABLE,BEATS,PRO 1; ; ;EUR;333,3;0;; ; ;N;N
PRO,FENDI,YELLOW SUNFLOWER;S5301Z/A;ROR NON-REPAIRABLE,BEATS,PRO 1; ; ;EUR;333,3;0;; ; ;N;N
Pro;S5301Z/A;ROR NON-REPAIRABLE,BEATS,PRO 1; ; ;EUR;333,3;0;; ; ;N;N
Solo 2;S5297Z/A;ROR NON-REPAIRABLE,BEATS,SOLO 2; ; ;EUR;166,63;0;; ; ;N;N
Solo (1st generation);S5296Z/A;ROR NON-REPAIRABLE,BEATS,SOLO HD; ; ;EUR;141,62;0;; ; ;N;N
Solo HD;S5296Z/A;ROR NON-REPAIRABLE,BEATS,SOLO HD; ; ;EUR;141,62;0;; ; ;N;N
Studio (1st generation);S5300Z/A;ROR NON-REPAIRABLE,BEATS,STUDIO 1; ; ;EUR;208,29;0;; ; ;N;N
Studio (2nd Generation);S5213Z/A;ROR NON-REPAIRABLE,BEATS,STUDIO 2; ; ;EUR;249,96;0;; ; ;N;N
Studio (2nd generation);S5213Z/A;ROR NON-REPAIRABLE,BEATS,STUDIO 2; ; ;EUR;249,96;0;; ; ;N;N
Studio Wireless;S5302Z/A;ROR NON-REPAIRABLE,BEATS,STUDIO 2 WL; ; ;EUR;316,63;0;; ; ;N;N
Tour (1st generation);S5293Z/A;ROR NON-REPAIRABLE,BEATS,TOUR 1; ; ;EUR;124,96;0;; ; ;N;N
Beats Tour (2nd generation);S5212Z/A;ROR NON-REPAIRABLE,BEATS,TOUR 2; ; ;EUR;124,96;0;; ; ;N;N
Tour (2nd generation);S5212Z/A;ROR NON-REPAIRABLE,BEATS,TOUR 2; ; ;EUR;124,96;0;; ; ;N;N
Tour 2.5;S5212Z/A;ROR NON-REPAIRABLE,BEATS,TOUR 2; ; ;EUR;124,96;0;; ; ;N;N
URBEATS (2ND GENERATION), GLOSS WHITE;S5294Z/A;ROR NON-REPAIRABLE,BEATS,URBEATS 2; ; ;EUR;83,29;0;; ; ;N;N
URBEATS (2ND GENERATION), MATTE BLACK;S5294Z/A;ROR NON-REPAIRABLE,BEATS,URBEATS 2; ; ;EUR;83,29;0;; ; ;N;N
urBeats (1st generation);S5294Z/A;ROR NON-REPAIRABLE,BEATS,URBEATS 2; ; ;EUR;83,29;0;; ; ;N;N
urBeats (2nd Generation);S5294Z/A;ROR NON-REPAIRABLE,BEATS,URBEATS 2; ; ;EUR;83,29;0;; ; ;N;N
urBeats (2nd generation);S5294Z/A;ROR NON-REPAIRABLE,BEATS,URBEATS 2; ; ;EUR;83,29;0;; ; ;N;N
Solo2 Wireless;S5298Z/A;ROR NON-REPAIRABLE,WL 1.5 & SOLO 2 WL; ; ;EUR;233,3;0;; ; ;N;N
Wireless (1.5);S5298Z/A;ROR NON-REPAIRABLE,WL 1.5 & SOLO 2 WL; ; ;EUR;233,3;0;; ; ;N;N
Beatbox Portable (2nd generation);S5286Z/A;ROR REPAIRABLE,BEATS,BEATBOX PORTABLE; ; ;EUR;141,75;0;; ; ;N;N
Beatbox Portable (3rd generation);S5286Z/A;ROR REPAIRABLE,BEATS,BEATBOX PORTABLE; ; ;EUR;141,75;0;; ; ;N;N
Executive;S5282Z/A;ROR REPAIRABLE,BEATS,EXECUTIVE; ; ;EUR;156,75;0;; ; ;N;N
Mixr;S5279Z/A;ROR REPAIRABLE,BEATS,MIXR; ; ;EUR;101,25;0;; ; ;N;N
Beats Pill 2.0;S5211Z/A;ROR REPAIRABLE,BEATS,PILL SPEAKER; ; ;EUR;78,75;0;; ; ;N;N
PILL 2.0, MCM;S5211Z/A;ROR REPAIRABLE,BEATS,PILL SPEAKER; ; ;EUR;78,75;0;; ; ;N;N
Pill 1.0;S5211Z/A;ROR REPAIRABLE,BEATS,PILL SPEAKER; ; ;EUR;78,75;0;; ; ;N;N
Pill 2.0;S5211Z/A;ROR REPAIRABLE,BEATS,PILL SPEAKER; ; ;EUR;78,75;0;; ; ;N;N
Pill XL;S5287Z/A;ROR REPAIRABLE,BEATS,PILL XL; ; ;EUR;141,75;0;; ; ;N;N
PRO,FENDI,BLACK;S5283Z/A;ROR REPAIRABLE,BEATS,PRO; ; ;EUR;156,75;0;; ; ;N;N
PRO,FENDI,BLUE CYAN;S5283Z/A;ROR REPAIRABLE,BEATS,PRO; ; ;EUR;156,75;0;; ; ;N;N
PRO,FENDI,RED FIRE;S5283Z/A;ROR REPAIRABLE,BEATS,PRO; ; ;EUR;156,75;0;; ; ;N;N
PRO,FENDI,TRUE BLUE;S5283Z/A;ROR REPAIRABLE,BEATS,PRO; ; ;EUR;156,75;0;; ; ;N;N
PRO,FENDI,WHITE;S5283Z/A;ROR REPAIRABLE,BEATS,PRO; ; ;EUR;156,75;0;; ; ;N;N
PRO,FENDI,YELLOW SUNFLOWER;S5283Z/A;ROR REPAIRABLE,BEATS,PRO; ; ;EUR;156,75;0;; ; ;N;N
Pro;S5283Z/A;ROR REPAIRABLE,BEATS,PRO; ; ;EUR;156,75;0;; ; ;N;N
Solo (1st generation);S5280Z/A;ROR REPAIRABLE,BEATS,SOLO; ; ;EUR;78,75;0;; ; ;N;N
Solo 2;S5280Z/A;ROR REPAIRABLE,BEATS,SOLO; ; ;EUR;78,75;0;; ; ;N;N
Solo HD;S5280Z/A;ROR REPAIRABLE,BEATS,SOLO; ; ;EUR;78,75;0;; ; ;N;N
Studio Wireless;S5284Z/A;ROR REPAIRABLE,BEATS,STUDIO 2 WIRELESS; ; ;EUR;156,75;0;; ; ;N;N
Studio (1st generation);S5210Z/A;ROR REPAIRABLE,BEATS,STUDIO HEADPHONE; ; ;EUR;119,25;0;; ; ;N;N
Studio (2nd Generation);S5210Z/A;ROR REPAIRABLE,BEATS,STUDIO HEADPHONE; ; ;EUR;119,25;0;; ; ;N;N
Studio (2nd generation);S5210Z/A;ROR REPAIRABLE,BEATS,STUDIO HEADPHONE; ; ;EUR;119,25;0;; ; ;N;N
Beats Tour (2nd generation);S5209Z/A;ROR REPAIRABLE,BEATS,WIRED EARPHONE; ; ;EUR;48,75;0;; ; ;N;N
Heartbeats (2nd generation);S5209Z/A;ROR REPAIRABLE,BEATS,WIRED EARPHONE; ; ;EUR;48,75;0;; ; ;N;N
Powerbeats (1st generation);S5209Z/A;ROR REPAIRABLE,BEATS,WIRED EARPHONE; ; ;EUR;48,75;0;; ; ;N;N
Powerbeats2;S5209Z/A;ROR REPAIRABLE,BEATS,WIRED EARPHONE; ; ;EUR;48,75;0;; ; ;N;N
Tour (1st generation);S5209Z/A;ROR REPAIRABLE,BEATS,WIRED EARPHONE; ; ;EUR;48,75;0;; ; ;N;N
Tour (2nd generation);S5209Z/A;ROR REPAIRABLE,BEATS,WIRED EARPHONE; ; ;EUR;48,75;0;; ; ;N;N
Tour 2.5;S5209Z/A;ROR REPAIRABLE,BEATS,WIRED EARPHONE; ; ;EUR;48,75;0;; ; ;N;N
URBEATS (2ND GENERATION), GLOSS WHITE;S5209Z/A;ROR REPAIRABLE,BEATS,WIRED EARPHONE; ; ;EUR;48,75;0;; ; ;N;N
URBEATS (2ND GENERATION), MATTE BLACK;S5209Z/A;ROR REPAIRABLE,BEATS,WIRED EARPHONE; ; ;EUR;48,75;0;; ; ;N;N
urBeats (1st generation);S5209Z/A;ROR REPAIRABLE,BEATS,WIRED EARPHONE; ; ;EUR;48,75;0;; ; ;N;N
urBeats (2nd Generation);S5209Z/A;ROR REPAIRABLE,BEATS,WIRED EARPHONE; ; ;EUR;48,75;0;; ; ;N;N
urBeats (2nd generation);S5209Z/A;ROR REPAIRABLE,BEATS,WIRED EARPHONE; ; ;EUR;48,75;0;; ; ;N;N
Powerbeats2 Wireless;S5278Z/A;ROR REPAIRABLE,BEATS,WIRELESS EARPHONE; ; ;EUR;78,75;0;; ; ;N;N
Solo2 Wireless;S5281Z/A;ROR REPAIRABLE,WIRELESS 1.5 & SOLO 2 WL; ; ;EUR;101,25;0;; ; ;N;N
Wireless (1.5);S5281Z/A;ROR REPAIRABLE,WIRELESS 1.5 & SOLO 2 WL; ; ;EUR;101,25;0;; ; ;N;N
Solo2 Wireless;S5321Z/A;ROR,BATTERY,WIRELESS 1.5 & SOLO 2 WL; ; ;EUR;62,5;0;; ; ;N;N
Wireless (1.5);S5321Z/A;ROR,BATTERY,WIRELESS 1.5 & SOLO 2 WL; ; ;EUR;62,5;0;; ; ;N;N
iPhone 6;S5241Z/A;TIER 4 MODULE RPLCMNT CHG-EMEA-INT; ; ;EUR;76,03;0;; ; ;N;N
Apple Watch Hermes 38mm;S5358Z/A;WATCH FLAT RATE; ; ;EUR;270,47;0;; ; ;N;N
Apple Watch Hermes 42mm;S5358Z/A;WATCH FLAT RATE; ; ;EUR;270,47;0;; ; ;N;N
Watch Standard 38mm;S5358Z/A;WATCH FLAT RATE; ; ;EUR;270,47;0;; ; ;N;N
Watch Standard 42mm;S5358Z/A;WATCH FLAT RATE; ; ;EUR;270,47;0;; ; ;N;N
Watch Sport 38mm;S5357Z/A;WATCH FLAT RATE, SPORT; ; ;EUR;192,97;0;; ; ;N;N
Watch Sport 42mm;S5357Z/A;WATCH FLAT RATE, SPORT; ; ;EUR;192,97;0;; ; ;N;N
Watch Sport 38mm;S5363Z/A;WATCH NON-REPAIRABLE,SPORT,38MM; ; ;EUR;263,5;0;; ; ;N;N
Watch Sport 42mm;S5367Z/A;WATCH NON-REPAIRABLE,SPORT,42MM; ; ;EUR;302,25;0;; ; ;N;N
Watch Standard 38mm;S5455Z/A;WATCH NON-REPAIRABLE,SS BLACK,38MM; ; ;EUR;457,25;0;; ; ;N;N
Watch Standard 42mm;S5456Z/A;WATCH NON-REPAIRABLE,SS BLACK,42MM; ; ;EUR;496;0;; ; ;N;N
Apple Watch Hermes 38mm;S5364Z/A;WATCH NON-REPAIRABLE,SS,38MM; ; ;EUR;457,25;0;; ; ;N;N
Watch Standard 38mm;S5364Z/A;WATCH NON-REPAIRABLE,SS,38MM; ; ;EUR;457,25;0;; ; ;N;N
Apple Watch Hermes 42mm;S5368Z/A;WATCH NON-REPAIRABLE,SS,42MM; ; ;EUR;496;0;; ; ;N;N
Watch Standard 42mm;S5368Z/A;WATCH NON-REPAIRABLE,SS,42MM; ; ;EUR;496;0;; ; ;N;N
Apple Watch Hermes 38mm;S5361Z/A;WATCH REPAIRABLE DAMAGE; ; ;EUR;270,47;0;; ; ;N;N
Apple Watch Hermes 42mm;S5361Z/A;WATCH REPAIRABLE DAMAGE; ; ;EUR;270,47;0;; ; ;N;N
Watch Standard 38mm;S5361Z/A;WATCH REPAIRABLE DAMAGE; ; ;EUR;270,47;0;; ; ;N;N
Watch Standard 42mm;S5361Z/A;WATCH REPAIRABLE DAMAGE; ; ;EUR;270,47;0;; ; ;N;N
Watch Sport 38mm;S5360Z/A;WATCH REPAIRABLE DAMAGE SPORT; ; ;EUR;192,97;0;; ; ;N;N
Watch Sport 42mm;S5360Z/A;WATCH REPAIRABLE DAMAGE SPORT; ; ;EUR;192,97;0;; ; ;N;N
