Code;Libellé;3LETTRES;Nouvelle Référence GLE;Serialisation;GAMME;CATEGORIE;COLLECTION;NATURE;FAMILLE;Stock;Emplacement stock;Valeur unitaire;Total;Fabricant;Ref. fabricant;Fournisseur;Réf fournisseur;Dépréciation;Code barre;Unité;Poids net;Poids brut;Prix;Prix ttc;Code tva;Taux tva;Catégorie;Sous catégorie;Garantie;Nombre de colis
PB0182A;[102061] PB0182A - Chariot mobile modulable naoCart S1 permettant l'intégration de pc portables ou tablettes. Meuble mobile avec poignées et 4 roues 100 mm multidirectionnelles, dont 2 avec freins, équipé de : - 1 ouverture par trappes coulissantes sécurisées de la partie supérieure - 1 accès à la zone technique par une porte avec fermeture à l'avant et trappe sécurisée à l'arrière du meuble - 1 temporisateur de charge électrique (paramétrage par défaut : 6h) - 1 système de charge centralisée avec interrupteur général M/A avec voyant - 1 prise électrique IEC extérieure avec protection contre les surtensions et filtre antipertubation - 1 cordon alimentation électrique de 5 mètres - système d'aération par convection naturelle (6 ouvertures) - fermetures à clef de chaque zone pour sécurisation des éléments (fournis avec 2 x jeux clés) Dim.meuble Lph : 620x845x1010 mm Poids à vide : 50 kgs Chariot fourni avec aménagement mousse au choix dans zone supérieure Couleur de base : Vert pomme (U630) (autre choix sur demande au service commercial);NAO-;NAO-PB0182A;NUFARTSTKSTD;MATERIEL;ACCESSOIRES;NAOCART;EDUCATION;;1;;1127,95;1127,95;;;;;;;;;;1361;1633,2;1;20;;;;
AVERC20I;AVER Chariot de recharge pour 16 PC portable - Design compact et ergonomique  - Charge intelligente avancée - Prises auxiliaires externes - LED de statut de charge;AVE-;AVE-AVERC20I;NUFARTSTKSTD;MATERIEL;ACCESSOIRES;AVER;EDUCATION;;1;;954;954;;;;;;;;;;1097,1;1316,52;1;20;;;;
F4U092BTSGY;Belkin USB-C Multimedia Hub - station d'accueil - HDMI;BEL-;BEL-F4U092BTSGY;NUFARTSTKSTD;MATERIEL;ACCESSOIRES;BELKIN;;;23;C3;37,88;871,24;;;;;;745883708673;;;;99,99;119,988;1;20;;;;
APTASBB400-70;Système Mécanique mural  Hauteur 400-70 poid 41 à 70 Kg;GEN-;GEN-APTASBB400-70;NUFARTSTKSTD;MATERIEL;ACCESSOIRES;GENERIQUE;;;2;;435;870;;;;;;;;;;559;670,8;1;20;;;;
TC2HDMI;VISION TechConnect - Plaque modulaire enclenchable - HDMI;VIS-;VIS-TC2HDMI;NUFARTSTKSTD;MATERIEL;ACCESSOIRES;VISION;;;44;K2;14,27;627,88;;;TECH DATA;1643913;;TC2HDMI;;;;16,49;19,788;1;20;Audio/Vidéo;;;
MA200;"Amplificateur mélangeur - Puissance: 200 Watt 100V et impédance de sortie 8 Ohm, 1x entrée jack niveau micro en façade 2 entrées XLR avec priorité thomann à l'arrière, Entrées 2 à 4 XLR niveau micro avec alimentation fantôme commutable 3 entrées ligne Sortie enregistrement 3 niveaux de priorités EQ 2 bandes Sortie 8 Ohm vers 4 enceintes avec interrupteur marche/ arrêt Format rack 19"" - 2U";GEN-;GEN-MA200;NUFARTSTKSTD;MATERIEL;ACCESSOIRES;GENERIQUE;;;1;A1;607,5;607,5;;;;;;1606357704822;;;;720;864;1;20;;;;
CABMDVGA;Cable mini display vers VGA;CAB-;CAB-CABMDVGA;NUFARTSTKSTD;MATERIEL;ACCESSOIRES;GENERIQUE;;;45;J2;11,96;538,2;;;;;;SKU015028-W;;;;19;22,8;1;20;;;;
DS-2DE5220IW-AE;Caméra Dôme 2MP zoom 20X 150m IR;HIK-;HIK-DS-2DE5220IW-AE;NUFARTSTKSTD;MATERIEL;ACCESSOIRES;HIKVISION;VIDEO;;1;;485,03;485,03;;;;;;;;;;1700;2040;1;20;;;;
LEG036446;JEU PATTES FIXAT.COFF.LARG.300;GEN-;GEN-LEG036446;NUFARTSTKSTD;MATERIEL;ACCESSOIRES;GENERIQUE;;;3;C4;146,4;439,2;;;;;;10324506036446500000000;;;;190;228;1;20;;;;
ML300368;MOBILITY LAB KEYBOARD FOR MAC Clavier ultra fin - USB - touches chiclet plates silencieuses - compatible Mac - AZERTY, Français;MOB-;MOB-ML300368;NUFARTSTKSTD;MATERIEL;ACCESSOIRES;MOBILITY LAB;;;30;;14,021;420,63;;;;;;;;;;24,96;29,952;1;20;;;;
PAD-R042;kit émetteur S4 infrarouge + écran;GEN-;GEN-PAD-R042;NUFARTSTKSTD;MATERIEL;ACCESSOIRES;GENERIQUE;;;1;E2;416,5;416,5;;;;;;PAD-R042;;;;595;714;1;20;;;;
ADAPTMD;Adaptateur mini display port vers VGA/DVI/HDMI - Noir;CAB-;CAB-ADAPTMD;NUFARTSTKSTD;MATERIEL;ACCESSOIRES;GENERIQUE;;;32;J2;11,334;362,69;;;;;;ADAPTMD;;;;29;34,8;1;20;;;;
2061698;Plastron 45x45 USB2.0 B F vers USB A F Amplifié – 0.2m;GEN-;GEN-2061698;NUFARTSTKSTD;MATERIEL;ACCESSOIRES;GENERIQUE;;;20;L5;14,85;297;;;NEKLAN;;;3662247182269;;;;19;22,8;1;20;Câbles Audio / Vidéo ;;;
4EH-00002;Microsoft Comfort Mouse 4500 for Business - Souris - optique - 5 boutons - filai;MIC-;MIC-4EH-00002;NUFARTSTKSTD;MATERIEL;ACCESSOIRES;MICROSOFT;;;20;B3;10,28;205,6;;;TECH DATA;2151402;;885370249064;;;;15,36;18,432;1;20;Périphériques;;;
ML301884;Mobility Lab Optical Mouse for Mac Souris filaire - ambidextre - capteur optique 1000 dpi - 3 boutons - Mac;MOB-;MOB-ML301884;NUFARTSTKSTD;MATERIEL;ACCESSOIRES;MOBILITY LAB;;;30;;5,94;178,2;;;;;;;;;;12,46;14,952;1;20;;;;
ALMCD41;Bloc alimentation NUC;NUC-;NUC-ALMCD41;NUFARTSTKSTD;MATERIEL;ACCESSOIRES;NUC;;;11;B2;12,48;137,28;;;;;;65hosspqF52eu;;;;29;34,8;1;20;;;;
TS8GAP1333S;Transcend - DDR3 - 8 Go - SO DIMM 204 broches - 1333 MHz / PC3-10600;TRA-;TRA-TS8GAP1333S;NUFARTSTKSTD;MATERIEL;ACCESSOIRES;TRANSCEND;;;2;C3;66,74;133,48;;;TECH DATA;3359864;;760557822332;;;;87,97;105,564;1;20; Composants;Mémoires;;
RG0264A;[102386] RG0264A - kit ventilateurs. Fourniture et installation en atelier.;GEN-;GEN-RG0264A;NUFARTSTKSTD;MATERIEL;ACCESSOIRES;GENERIQUE;;;1;;102;102;;;;;;;;;;120;144;1;20;;;;
3510B;Eclateur RJ45 Mâle / 2 Femmelles Cat 5e;GEN-;GEN-3510B;NUFARTSTKSTD;MATERIEL;ACCESSOIRES;GENERIQUE;;;17;I2;5,83;99,11;;;EDOX;3510B;;3510B;;;;7,61;9,132;1;20;;;;
YL-PSU5V2A1.8M;Alimentation 5v 2A avec câble 1,8m T29/46/48/CP860;GEN-;GEN-YL-PSU5V2A1.8M;NUFARTSTKSTD;MATERIEL;ACCESSOIRES;GENERIQUE;;;13;;7,5;97,5;;;;;;;;;;15;18;1;20;;;;
FPMA-D935D;NewStar FPMA-D935D - Kit de montage ( fixation par pince pour bureau, 2 bras art;NEW-;NEW-FPMA-D935D;NUFARTSTKSTD;MATERIEL;ACCESSOIRES;NEWSTAR;;;1;A3;97,29;97,29;;;TECH DATA;2097733;;;;;;159,95;191,94;1;20;Audio/Vidéo;;;
TC2SURR1G;VISION TechConnect - Plaque - commande unique;VIS-;VIS-TC2SURR1G;NUFARTSTKSTD;MATERIEL;ACCESSOIRES;VISION;;;26;K4;3,7;96,2;;;TECH DATA;1622115;;1622115000004;;;;7,42;8,904;1;20;Audio/Vidéo;;;
2090660;Cordon USB 2.0 A-B M/M amplifié - 10m;CAB-;CAB-2090660;NUFARTSTKSTD;MATERIEL;ACCESSOIRES;GENERIQUE;;;7;;13,41;93,87;;;;;;;;;;19;22,8;1;20;;;;
B07BY65;Support mobile pour écran 65 pouces (charge maxi 60kg);GEN-;GEN-B07BY65;NUFARTSTKSTD;MATERIEL;ACCESSOIRES;GENERIQUE;;;1;STOCK;89;89;;;;;;RV200§180521§0002§12;;;;390;468;1;20;;;;
5J.J3A10.001;Support mural Benq;BEN-;BEN-5J.J3A10.001;NUFARTSTKSTD;MATERIEL;ACCESSOIRES;BENQ;;;1;A0;87;87;;;;;;4718755030598;;;;145;174;1;20;;;;
JD-0800FR-2;CHERRY DC 2000 - ensemble clavier et souris filaire - français;CHE-;CHE-JD-0800FR-2;NUFARTSTKSTD;MATERIEL;ACCESSOIRES;CHERRY;;;6;B4;14,06;84,36;;;;;;4025112083310;;;;16,66;19,992;1;20;;;;
MLA22F/A;Magic Keyboard - Français;APP-;APP-MLA22F/A;NUFARTSTKSTD;MATERIEL;ACCESSOIRES;APPLE;;;1;B4;82,82;82,82;;;TECH DATA;3610690;;888462650533;;;;99,17;119,004;1;20; Périphériques ; Claviers, Souris... ;;
PC0359A;"[103342] PC0359A - Surcout pour Module Flexichannel SX 1 specifique tablettes  : étude, plan et fourniture d'une mousse haute densité pré-formée en alvéoles individuelles et guide cordons pour chariot Naocart S1, pour l'accueil de tablettes. AB0703A 12XEMPLACEMENTS 350 X 26 X 300 MM DELL 5400 Hauteur (non tactile) : 19,6 mm (0,77"") | 2. Largeur : 323,05 mm (12,7"") | 3. Profondeur : 216 mm (8,5"")";GEN-;GEN-PC0359A;NUFARTSTKSTD;MATERIEL;ACCESSOIRES;GENERIQUE;;;1;;78,75;78,75;;;;;;;;;;105;126;1;20;;;;
2061879;Cordon HDMI 2.0 - 4Kx2K@60Hz - AWG26 - M/M - 3m;CAB-;CAB-2061879;NUFARTSTKSTD;MATERIEL;ACCESSOIRES;GENERIQUE;;;8;;9,755;78,04;;;;;;;;;;24,9;29,88;1;20;;;;
2SR85AA#ABB;HP Spectre USB-C Travel Dock Station d'accueil USB-C VGA, HDMI 10Mb LAN;HEW-;HEW-2SR85AA#ABB;NUFARTSTKSTD;MATERIEL;ACCESSOIRES;HEWLETT PACKARD;;;1;B3;75,75;75,75;;;;;;;;;;113,29;135,948;1;20;;;;
PE9999A;[103658] PE9999A - Article spécifique : modification de chariot pour rajout d'une zone technique séparée pour intégration de 12 stations d'accueil usb type C HP (1MK33T#ABB) DIM 200 x 70 x 28 MM;LEN-;LEN-PE9999A;NUFARTSTKSTD;MATERIEL;ACCESSOIRES;LENOVO;;;1;;75;75;;;;;;;;;;110;132;1;20;;;;
UKB-AB10B;rhomb utech® – 10 m câble USB 2.0 Hi-Speed Premium A/B, câble d'imprimante/Câble de connexion, fiche mâle USB A vers fiche USB B, finition de qualité, double blindage pour passgenaue connecteur D: 10m (Meter) - noir;GEN-;GEN-UKB-AB10B;NUFARTSTKSTD;MATERIEL;ACCESSOIRES;GENERIQUE;;;6;J3;11,98;71,88;;;;;;B00XHVB9A4;;;;19;22,8;1;20;;;;
2051034;Plastron 45x45 VGA+Jack 3,5mm F>M-10m;GEN-;GEN-2051034;NUFARTSTKSTD;MATERIEL;ACCESSOIRES;GENERIQUE;;;3;;23,19;69,57;;;;;;;;;;32,99;39,588;1;20;;;;
MBA1019;MicroBattery 18.5V 3.5A 65W Plug: 4.8*1.7;GEN-;GEN-MBA1019;NUFARTSTKSTD;MATERIEL;ACCESSOIRES;GENERIQUE;;;3;B2;22,9;68,7;;;;;;5705965686713;;;;27,48;32,976;1;20;;;;
LEG099671;OBTURATEUR (2 MODULES) GP KHEOPS GP;GEN-;GEN-LEG099671;NUFARTSTKSTD;MATERIEL;ACCESSOIRES;GENERIQUE;;;23;K5;2,95;67,85;;;;;;3414970338761;;;;5;6;1;20;;;;
MUYHSMFF;StarTech.com Câble pour séparateur de casque 4 broches de 3,5 mm vers 2 x 3 broches de 3,5 mm - M/F - 2 x Mini Jack Femelle Audio stéréo - 1 x Mini Jack Mâle Audio stéréo - Noir;STA-;STA-MUYHSMFF;NUFARTSTKSTD;MATERIEL;ACCESSOIRES;STARTECH;;;15;B1;4,5;67,5;;;;;;65030843515;;;;8,99;10,788;1;20;;;;
66693;Plastron 45x45 VGA audio + câble de 0,2m;GEN-;GEN-66693;NUFARTSTKSTD;MATERIEL;ACCESSOIRES;GENERIQUE;;;4;J1;16,44;65,76;;;;;;66693;;;;20;24;1;20;;;;
TC2BACKBOX1G;VISION TechConnect - Boîtier arrière - commande unique;VIS-;VIS-TC2BACKBOX1G;NUFARTSTKSTD;MATERIEL;ACCESSOIRES;VISION;;;37;K5;1,76;65,12;;;TECH DATA;1643922;;1643922000001;;;;5,76;6,912;1;20;Audio/Vidéo;;;
MQ4444V;Boîtier de table en saillie vide 4 plastrons;GEN-;GEN-MQ4444V;NUFARTSTKSTD;MATERIEL;ACCESSOIRES;GENERIQUE;;;1;K1;63,7;63,7;;;;;;MQ4444V;;;;91;109,2;1;20;;;;
EXP40;Module d'extension LCD EXP40 pour T46;YEA-;YEA-EXP40;NUFARTSTKSTD;MATERIEL;ACCESSOIRES;YEALINK;;;1;;63;63;;;;;;;;;;86;103,2;1;20;;;;
MD506Z/A;Apple MagSafe 2 Power Adapter - 85W (MacBook Pro with Retina display);APP-;APP-MD506Z/A;NUFARTSTKSTD;MATERIEL;ACCESSOIRES;APPLE;;;1;B4;62,98;62,98;;;;;;885909611508;;;;70,83;84,996;1;20;;;;
400479234;NavePoint Adjustable Rack Mount Server Shelf Shelves Rail Rails 1U;NAV-;NAV-400479234;NUFARTSTKSTD;MATERIEL;ACCESSOIRES;NAVEPOINT;;;2;;30,51;61,02;;;;;;;;;;59;70,8;1;20;;;;
TC2 BACKBOX1G;VISION TECHCONNECT - Boîtier arrière - commande unique;VIS-;VIS-TC2 BACKBOX1G;NUFARTSTKSTD;MATERIEL;ACCESSOIRES;VISION;;;28;K5;2,15;60,2;;;;;;1643922000001;;;;2,5;3;1;20;;;;
B01580INY6;Extender HDMI 60 Mètres ESYNiC Extender HD Affichage Longue Distance de Transmission 1080P via Simple Câble Ethernet RJ45 CAT5e CAT6 CAT6a CAT7 Emetteur Récepteur Compatible pour 3D Contrôle Infrarouge IR pour Sky HD Box Freebox PC Blu Ray DVD PS4 Projecteur;GEN-;GEN-B01580INY6;NUFARTSTKSTD;MATERIEL;ACCESSOIRES;GENERIQUE;;;2;K4;29,99;59,98;;;;;;B01580INY6;;;;36;43,2;1;20;;;;
2061796;Cordon HDMI 2.0 - 4Kx2K@60Hz - AWG26 - M/M - 10m;CAB-;CAB-2061796;NUFARTSTKSTD;MATERIEL;ACCESSOIRES;GENERIQUE;;;5;;11,345;56,73;;;;;;;;;;34,9;41,88;1;20;;;;
C5SG1000;Cordon RJ45 Cat 5e F/UTP Primacy 10m beige;CAB-;CAB-C5SG1000;NUFARTSTKSTD;MATERIEL;ACCESSOIRES;GENERIQUE;;;10;I4;5,5;55;;;;;;C5SG1000;;;;11,02;13,224;1;20;;;;
SDR/256GB;Carte mémoire SDXC UHS-I U3 256 Go;KIN-;KIN-SDR/256GB;NUFARTSTKSTD;MATERIEL;ACCESSOIRES;KINGSTON;MEMOIRES;;1;;53,51;53,51;;;;;;740617275933;;;;83,29;99,948;1;20;;;;
RKM114;Synology RKM114 - Kit de rails pour armoire;SYN-;SYN-RKM114;NUFARTSTKSTD;MATERIEL;ACCESSOIRES;SYNOLOGY;;;2;L2;26,6;53,2;;;TECH DATA;2837027;;4711174721740;;;;28;33,6;1;20;Réseaux;;;
30283;DLP ANGL. PLT VAR.BLC 40X20;GEN-;GEN-30283;NUFARTSTKSTD;MATERIEL;ACCESSOIRES;GENERIQUE;;;14;K5;3,54;49,56;;;;;;3414971074835;;;;4,43;5,316;1;20;;;;
TM-1200;VISION TECHMOUNT TM-1200 Support pour vidéoprojecteurs, blanc - perche de 1,1m a;VIS-;VIS-TM-1200;NUFARTSTKSTD;MATERIEL;ACCESSOIRES;VISION;;;1;;48,37;48,37;;;TECH DATA;1562435;;1562435000004;;;;56,29;67,548;1;20;Audio/Vidéo;;;
CL12UTHWB;Pied pour tablette verrouillable aluminium de haute qualité blanc montable en surface;GEN-;GEN-CL12UTHWB;NUFARTSTKSTD;MATERIEL;ACCESSOIRES;GENERIQUE;;;1;B2;45,3;45,3;;;;;;856282004812;;;;95;114;1;20;;;;
TM-TELE;Support plafond pour projecteur;GEN-;GEN-TM-TELE;NUFARTSTKSTD;MATERIEL;ACCESSOIRES;GENERIQUE;;;1;K1;45,08;45,08;;;TECH DATA;2418655;;2418655000005;;;;79;94,8;1;20;;;;
SECUPADDOCK;SecuPaddock - cadenas a clé (noir) (99066KD-BLK);SEC-;SEC-SECUPADDOCK;NUFARTSTKSTD;MATERIEL;ACCESSOIRES;SECUPLUS;;;1;B1;45;45;;;;;;SECUPADDOCK;;;;56,25;67,5;1;20;;;;
MC908-2M;MCL Samar câble d'alimentation - 2 m;MCL-;MCL-MC908-2M;NUFARTSTKSTD;MATERIEL;ACCESSOIRES;MCL;;;21;J3;2,11;44,31;;;TECH DATA;1078405;;3700224714192;;;;4,54;5,448;1;20;Composants;;;
CABJACKMM2M;Câble Jack M/M 1M;GEN-;GEN-CABJACKMM2M;NUFARTSTKSTD;MATERIEL;ACCESSOIRES;GENERIQUE;;;22;J2;2;44;;;;CABJACKMM2M;;CABJACKMM2M;;;;4;4,8;1;20;;;;
85493;C2G LC-ST 50/125 OM2 Duplex Multimode PVC Fiber Optic Cable (LSZH) - Câble de ré;C2G-;C2G-85493;NUFARTSTKSTD;MATERIEL;ACCESSOIRES;C2G;;;4;K4;10,89;43,56;;;TECH DATA;3058808;;757120854937;;;;12,65;15,18;1;20;Réseaux;;;
2050579;Plastron 45x45 VGA HD15 F>M - 10m;GEN-;GEN-2050579;NUFARTSTKSTD;MATERIEL;ACCESSOIRES;GENERIQUE;;;2;L5;21;42;;;;;;3662247121695;;;;32;38,4;1;20;;;;
UBNTPARA;PARAFOUDRE;GEN-;GEN-UBNTPARA;NUFARTSTKSTD;MATERIEL;ACCESSOIRES;GENERIQUE;;;2;D1;20;40;;;;;;810354021633;;;;40;48;1;20;;;;
4985;Plastron 1 RJ45 45x45 blanc;GEN-;GEN-4985;NUFARTSTKSTD;MATERIEL;ACCESSOIRES;GENERIQUE;;;32;K4;1,14;36,48;;;;;;4985;;;;1,56;1,872;1;20;;;;
4980;Boîtier mural 80x80 nu format Legrand;GEN-;GEN-4980;NUFARTSTKSTD;MATERIEL;ACCESSOIRES;GENERIQUE;;;18;K5;1,89;34,02;;;;;;4980;;;;2,47;2,964;1;20;;;;
PLASMA-W065BLACK;NewStar PLASMA-W065BLACK - montage mural;NEW-;NEW-PLASMA-W065BLACK;NUFARTSTKSTD;MATERIEL;ACCESSOIRES;NEWSTAR;;;1;A4;33,17;33,17;;;;;;8717371443627;;;;49,95;59,94;1;20;;;;
H3C53AA#ABF;HP C2500 Desktop H3C53AA - Hp keyboard combo - AZERTY - Francais;HEW-;HEW-H3C53AA#ABF;NUFARTSTKSTD;MATERIEL;ACCESSOIRES;HEWLETT PACKARD;;;3;;10,97;32,91;;;;;;;;;;16,66;19,992;1;20;;;;
C6ADZ0030V;Cordon RJ45 Cat 6a F/FTP Primacy LSZH 0.3m vert;CAB-;CAB-C6ADZ0030V;NUFARTSTKSTD;MATERIEL;ACCESSOIRES;GENERIQUE;;;20;;1,59;31,8;;;;;;;;;;3,12;3,744;1;20;;;;
R1132;Rankie Adaptateur Mini DisplayPort (Thunderbolt) (Mini DP) vers VGA, 1080P Full HD, Noir;GEN-;GEN-R1132;NUFARTSTKSTD;MATERIEL;ACCESSOIRES;GENERIQUE;;;5;J2;5,99;29,95;;;;;;X000MHC953;;;;9;10,8;1;20;;;;
4982;cadre mosaïc 45x45 sur 80x80 + vis;GEN-;GEN-4982;NUFARTSTKSTD;MATERIEL;ACCESSOIRES;GENERIQUE;;;19;K4;1,49;28,31;;;;;;4982;;;;2,31;2,772;1;20;;;;
C5SG0050;Cordon RJ45 Cat 5e F/UTP Primacy 0.5m beige;CAB-;CAB-C5SG0050;NUFARTSTKSTD;MATERIEL;ACCESSOIRES;GENERIQUE;;;35;I4;0,79;27,65;;;;;;C5SG0050;;;;1,52;1,824;1;20;;;;
RG0259A;Prise RJ45 latérale externe;GEN-;GEN-RG0259A;NUFARTSTKSTD;MATERIEL;ACCESSOIRES;GENERIQUE;;;1;;27,2;27,2;;;;;;;;;;32;38,4;1;20;;;;
DE88683;Câble antenne N M > N F 6m LMR195 low loss;GEN-;GEN-DE88683;NUFARTSTKSTD;MATERIEL;ACCESSOIRES;GENERIQUE;;;2;J3;12,6;25,2;;;;;;4043619886838;;;;29,9;35,88;1;20;;;;
BATACERMBWM1;Batterie pour Acer TravelMate 5744;ACE-;ACE-BATACERMBWM1;NUFARTSTKSTD;MATERIEL;ACCESSOIRES;ACER;;;1;;25;25;;;;;;;;;;49;58,8;1;20;;;;
B00M6SXBUA;CSL - 10m Ultra HD 4k HDMI Câble | High Speed par Ethernet | Full HD 1080P / 4K Ultra HD 2160P / 3D / ARC et CEC | Câble Triple Blindage + Blindage Fiche et Contacts;CSL-;CSL-B00M6SXBUA;NUFARTSTKSTD;MATERIEL;ACCESSOIRES;CSL;;;2;J1;12,49;24,98;;;;;;B00M6SXBUA;;;;14,99;17,988;1;20;;;;
MD464ZM/A;Apple Thunderbolt to FireWire Adapter;APP-;APP-MD464ZM/A;NUFARTSTKSTD;MATERIEL;ACCESSOIRES;APPLE;;;1;B4;24,2;24,2;;;TECH DATA;2546258;;4547597800867;;;;29,17;35,004;1;20;Composants;Câbles & Adaptateurs;;
NM-W360BLACK;NewStar NeoMounts NM-W360BLACK - montage mural;NEW-;NEW-NM-W360BLACK;NUFARTSTKSTD;MATERIEL;ACCESSOIRES;NEWSTAR;;;1;A4;22,1;22,1;;;;;;8717371444655;;;;37,46;44,952;1;20;;;;
C5CS1B100;Boîte de 100 connecteurs RJ45 STP sans insert;GEN-;GEN-C5CS1B100;NUFARTSTKSTD;MATERIEL;ACCESSOIRES;GENERIQUE;;;1;I3;20,92;20,92;;;;;;C5CS1B100;;;;42;50,4;1;20;;;;
CG-211;Mcl samar - adaptateur video hd-15 (f) - dvi-i (m);MCL-;MCL-CG-211;NUFARTSTKSTD;MATERIEL;ACCESSOIRES;MCL;;;5;I1;4,07;20,35;;;;;;3700224717384;;;;8,33;9,996;1;20;;;;
JD-0700FR-2;Ensemble clavier/souris sans fil DW 3000;CHE-;CHE-JD-0700FR-2;NUFARTSTKSTD;MATERIEL;ACCESSOIRES;CHERRY;;;1;B5;20,15;20,15;;;;;;4025112081385;;;;24,99;29,988;1;20;;;;
MXTHQ10M;StarTech.com Câble d'extension vidéo pour écran VGA haute résolution - HD15 M/F - rallonge de câble VGA - 10 m;STA-;STA-MXTHQ10M;NUFARTSTKSTD;MATERIEL;ACCESSOIRES;STARTECH;;;1;J4;19,59;19,59;;;;;;65030847582;;;;33,99;40,788;1;20;;;;
B00H1SUYEQ;HDMI Splitter 4 fach 1x4 1080p auch für 3D 1:4 Verteiler Full HD 1 input 4 output;CAB-;CAB-B00H1SUYEQ;NUFARTSTKSTD;MATERIEL;ACCESSOIRES;GENERIQUE;;;1;K4;18,325;18,33;;;;;;B00H1SUYEQ;;;;21,99;26,388;1;20;;;;
B010USB/RJ45;adaptateur USB 3/RJ45;CAB-;CAB-B010USB/RJ45;NUFARTSTKSTD;MATERIEL;ACCESSOIRES;GENERIQUE;;;2;J4;9,15;18,3;;;;;;X000MKT827;;;;13;15,6;1;20;;;;
CLS-SLIM-BK;Ensemble clavier multimédia compact extra-plat sans fil (AZERTY Français) pour ordinateur de salon (HTPC) + souris optique sans fil;ADV-;ADV-CLS-SLIM-BK;NUFARTSTKSTD;MATERIEL;ACCESSOIRES;ADVANCE;;;1;;18,26;18,26;;;;;;;;;;29,12;34,944;1;20;;;;
JD-0710FR-2;CHERRY DW 3000 Ensemble clavier et souris sans fil RF, 2.4 GHz français (AZERTY) noir;CHE-;CHE-JD-0710FR-2;NUFARTSTKSTD;MATERIEL;ACCESSOIRES;CHERRY;;;1;;17,2;17,2;;;;;;;;;;23,99;28,788;1;20;;;;
H6Y89AA#ABB;HP Smart AC - Adaptateur secteur 65 Watt;HEW-;HEW-H6Y89AA#ABB;NUFARTSTKSTD;MATERIEL;ACCESSOIRES;HEWLETT PACKARD;;;1;;16,99;16,99;;;;;;;;;;21;25,2;1;20;;;;
910-005718;Logitech Pebble M350 Graphite Souris sans fil - ambidextre - capteur optique 1000 dpi - 3 boutons;LOG-;LOG-910-005718;NUFARTSTKSTD;MATERIEL;ACCESSOIRES;LOGITECH;;;1;;16,67;16,67;;;;;;;;;;21,63;25,956;1;20;;;;
S0610435;CÂBLE RJ45 CATÉGORIE 5E F/UTP 1 M (BEIGE);CAB-;CAB-S0610435;NUFARTSTKSTD;MATERIEL;ACCESSOIRES;GENERIQUE;;;30;;0,52;15,6;;;;;;3700224718077;;;;3,32;3,984;1;20;;;;
C5SG0500;Cordon RJ45 Cat 5e F/UTP Primacy 5m beige;CAB-;CAB-C5SG0500;NUFARTSTKSTD;MATERIEL;ACCESSOIRES;GENERIQUE;;;5;I4;3,01;15,05;;;;;;C5SG0500;;;;6,02;7,224;1;20;;;;
910-004642;Logitech M170 Souris sans fil 2.4 GHz récepteur sans fil USB;LOG-;LOG-910-004642;NUFARTSTKSTD;MATERIEL;ACCESSOIRES;LOGITECH;;;2;B3;7,46;14,92;;;;;;;;;;11,63;13,956;1;20;;;;
B00OXCFIXU;5 Aukru® 5V 2A EU Plug Chargeur Adaptateur Pour Routeur D-Link DIR-600, DGS-105, DIR-635 ,DIR-615,DIR-100 DIR-300 ,DIR-624 DIR-645 DIR-652 ,DIR-655 DIR;AUK-;AUK-B00OXCFIXU;NUFARTSTKSTD;MATERIEL;ACCESSOIRES;AUKRU;;;2;I1;7,4;14,8;;;;;;X000EAZ51N;;;;10,57;12,684;1;20;;;;
2090086;RallongeUSB2.0A-AM/FNoir-5m;CAB-;CAB-2090086;NUFARTSTKSTD;MATERIEL;ACCESSOIRES;GENERIQUE;;;10;;1,35;13,5;;;;;;;;;;5;6;1;20;;;;
DSPTOVGAHDMI;Mini Displayport (Thunderbolt Compatible) vers HDMI/DVI/VGA;CAB-;CAB-DSPTOVGAHDMI;NUFARTSTKSTD;MATERIEL;ACCESSOIRES;GENERIQUE;;;1;;12,49;12,49;;;;;;;;;;19;22,8;1;20;;;;
B00SWVF3L0;Duronic TVB777 Support de montage mural universel inclinable pour télévision de 33 à 60 pouces / 81 à 153 cm - VESA 600x400;DUR-;DUR-B00SWVF3L0;NUFARTSTKSTD;MATERIEL;ACCESSOIRES;DURONIC;;;1;A4;12,49;12,49;;;;;;5060184205832;;;;15;18;1;20;;;;
4907MR;Sachet de 10 manchons à boule RJ45 rouge;GEN-;GEN-4907MR;NUFARTSTKSTD;MATERIEL;ACCESSOIRES;GENERIQUE;;;9;I4;1,34;12,06;;;;;;4907MR;;;;1,81;2,172;1;20;;;;
X000MN0PMB;Luxebell Câble USB C vers USB C en Nylon Tressé, Compatible avec GoPro5 New MacBook, Nexus 5X, OnePlus 3 et d'autres de Type C Périphériques Compatibles;CAB-;CAB-X000MN0PMB;NUFARTSTKSTD;MATERIEL;ACCESSOIRES;GENERIQUE;;;2;B4;5,99;11,98;;;;;;X000MN0PMB;;;;9;10,8;1;20;;;;
ATB-C35;Waste Toner Box, kompatibel;GEN-;GEN-ATB-C35;NUFARTSTKSTD;MATERIEL;ACCESSOIRES;GENERIQUE;;;1;AMAZON;11;11;;;;;;4049816022055;;;;16,2;19,44;1;20;;;;
4907MN;Sachet de 10 manchons à boule RJ45 noir;GEN-;GEN-4907MN;NUFARTSTKSTD;MATERIEL;ACCESSOIRES;GENERIQUE;;;9;I4;1,21;10,89;;;;;;4907MN;;;;1,81;2,172;1;20;;;;
2052042;Cordon Display Port 1.2 M vers HDMI 1.4 M - AWG30 - 3m;CAB-;CAB-2052042;NUFARTSTKSTD;MATERIEL;ACCESSOIRES;GENERIQUE;;;1;;10,8;10,8;;;;;;;;;;13;15,6;1;20;;;;
S0610441;CÂBLE RJ45 CATÉGORIE 5E F/UTP 3 M (BEIGE);CAB-;CAB-S0610441;NUFARTSTKSTD;MATERIEL;ACCESSOIRES;GENERIQUE;;;17;;0,62;10,54;;;;;;3700224718091;;;;4,16;4,992;1;20;;;;
DVI997YVGA;Cable Actif DVI vers VGA;CAB-;CAB-DVI997YVGA;NUFARTSTKSTD;MATERIEL;ACCESSOIRES;GENERIQUE;;;1;;10,5;10,5;;;;;;;;;;14;16,8;1;20;;;;
920-002515;Clavier Logitech K120 USB;LOG-;LOG-920-002515;NUFARTSTKSTD;MATERIEL;ACCESSOIRES;LOGITECH;;;1;;9,77;9,77;;;;;;;;;;17,58;21,096;1;20;;;;
2090059;Cordon USB 2.0 A-B M / M - AWG28/24 - Noir - 5 m;CAB-;CAB-2090059;NUFARTSTKSTD;MATERIEL;ACCESSOIRES;GENERIQUE;;;4;L5;2,1;8,4;;;;;;3662247226246;;;;9;10,8;1;20;;;;
163/ATV/BAS/2;Mobilis Mobilities Antitheft Corporate - Câble de verrouillage - 1.8 m;MOB-;MOB-163/ATV/BAS/2;NUFARTSTKSTD;MATERIEL;ACCESSOIRES;MOBILIS;;;1;B1;8,27;8,27;;;;163/ATV/BAS/2;;;;;;12,46;14,952;1;20;;;;
BX-208U3;ADVANCE MOBILITY DISK S8 Boitier externe USB 3.0 en métal pour disque dur 2.5'' SATA;ADV-;ADV-BX-208U3;NUFARTSTKSTD;MATERIEL;ACCESSOIRES;ADVANCE;;;1;C2;7,423;7,42;;;;;;;;;;14,08;16,896;1;20;;;;
82005;C2G Value Series High Speed HDMI Cable with Ethernet - Câble vidéo/audio/réseau;C2G-;C2G-82005;NUFARTSTKSTD;MATERIEL;ACCESSOIRES;C2G;;;1;;7,37;7,37;;;TECH DATA;2365166;;;;;;10,82;12,984;1;20;Composants;;;
DP-MMG-050MB;MicroConnect Mini DP - Displayport 0.5m M-M 1.2v Black, gold plugs;CAB-;CAB-DP-MMG-050MB;NUFARTSTKSTD;MATERIEL;ACCESSOIRES;MICRO CONNECT;;;1;I2;7;7;;;;;;5712505702031;;;;12,36;14,832;1;20;;;;
B000ZS9XEQ;Bulk CABLE-140HS Câble USB 2.0 A-A;CAB-;CAB-B000ZS9XEQ;NUFARTSTKSTD;MATERIEL;ACCESSOIRES;GENERIQUE;;;2;I1;3,42;6,84;;;;;;X0004L1E6R;;;;5;6;1;20;;;;
2724571558538;Rankie Câble Adapteur HDMI vers DVI, Bidirectionnel, 1,8m, Noir;CAB-;CAB-2724571558538;NUFARTSTKSTD;MATERIEL;ACCESSOIRES;GENERIQUE;;;1;;6,66;6,66;;;;;;;;;;15;18;1;20;;;;
2061580;Cordon audio stéréo Jack 3,5 M / 2 x RCA M - 10m - blindé;CAB-;CAB-2061580;NUFARTSTKSTD;MATERIEL;ACCESSOIRES;GENERIQUE;;;2;;3,24;6,48;;;;;;;;;;5;6;1;20;;;;
B07HDMIDVI;Cable HDMI vers DVI;CAB-;CAB-B07HDMIDVI;NUFARTSTKSTD;MATERIEL;ACCESSOIRES;GENERIQUE;;;1;;6,32;6,32;;;;;;X000PU75HJ;;;;9;10,8;1;20;;;;
910-001793;Logitech Mouse M90 Souris filaire - ambidextre - capteur optique 1000 dpi - 2 boutons;LOG-;LOG-910-001793;NUFARTSTKSTD;MATERIEL;ACCESSOIRES;LOGITECH;;;1;;6,3;6,3;;;;;;;;;;8,29;9,948;1;20;;;;
S0640195;CORDON DISPLAYPORT MÂLE / HDMI MÂLE 3M;CAB-;CAB-S0640195;NUFARTSTKSTD;MATERIEL;ACCESSOIRES;GENERIQUE;;;1;;6,26;6,26;;;;;;;;;;26,04;31,248;1;20;;;;
B00J0X4BF8;Newniu Câble et adaptateur VGA 5 m;CAB-;CAB-B00J0X4BF8;NUFARTSTKSTD;MATERIEL;ACCESSOIRES;GENERIQUE;;;2;J4;3,05;6,1;;;;;;B00J0X4BF8;;;;7;8,4;1;20;;;;
B001FD7M4S;Cable avec fiche USB A màle ET fiche USB A màle - 5M - [PC];CAB-;CAB-B001FD7M4S;NUFARTSTKSTD;MATERIEL;ACCESSOIRES;GENERIQUE;;;1;I3;5,825;5,83;;;;;;X0008JY75F;;;;7;8,4;1;20;;;;
1285718-62;Câble de raccordement Axing MAK 200-80 [1x F mâle - 1x F mâle] 2 m blanc;CAB-;CAB-1285718-62;NUFARTSTKSTD;MATERIEL;ACCESSOIRES;GENERIQUE;;;1;A3;5,41;5,41;;;;;;7611682001150;;;;6,76;8,112;1;20;;;;
51824;HDMI CABLE WITH ETHERNET (10 M);CAB-;CAB-51824;NUFARTSTKSTD;MATERIEL;ACCESSOIRES;GENERIQUE;;;1;;4,56;4,56;;;;;;4040849518249;;;;24,96;29,952;1;20;;;;
C5SG0300;Cordon RJ45 Cat 5e F/UTP Primacy 3m beige;CAB-;CAB-C5SG0300;NUFARTSTKSTD;MATERIEL;ACCESSOIRES;GENERIQUE;;;2;I4;1,98;3,96;;;;;;C5SG0300;;;;3,92;4,704;1;20;;;;
S0610440;CÂBLE RJ45 CATÉGORIE 5E F/UTP 2 M (BEIGE);CAB-;CAB-S0610440;NUFARTSTKSTD;MATERIEL;ACCESSOIRES;GENERIQUE;;;7;;0,52;3,64;;;;;;3700224718084;;;;3,7;4,44;1;20;;;;
C5SG0200;Cordon RJ45 Cat 5e F/UTP Primacy 2m beige;EDO-;EDO-C5SG0200;NUFARTSTKSTD;MATERIEL;ACCESSOIRES;EDOX;;;1;I4;1,51;1,51;;;;;;C5SG0200;;;;3,02;3,624;1;20;;;;
FCC5EBM-0.5M;Cable MCL / CABLE BLINDE ETHERNET RJ45 CAT 5E F/UTP 0.5M;MCL-;MCL-FCC5EBM-0.5M;NUFARTSTKSTD;MATERIEL;ACCESSOIRES;MCL;;;2;I2;0,75;1,5;;;TECH DATA;1078498;;3700224705275;;;;1,44;1,728;1;20;Réseaux;;;
CVGP34000BK10;NEDIS CÂBLE HDMI HAUTE VITESSE AVEC ETHERNET NOIR (1 MÈTRE) Câble HDMI 4K haute vitesse avec Ethernet Noir - 1 mètre;NED-;NED-CVGP34000BK10;NUFARTSTKSTD;MATERIEL;ACCESSOIRES;NEDIS;;;1;I1;1,255;1,25;;;;;;5412810264513;;;;5,75;6,9;1;20;;;;
MC712-1.5M;Câble audio stéréo jack 3,5 mâle / mâle - 1.5m;MCL-;MCL-MC712-1.5M;NUFARTSTKSTD;MATERIEL;ACCESSOIRES;MCL;;;1;I3;1,1;1,1;;;;;;3700224735029;;;;1,57;1,884;1;20;;;;
CVGP34000BK15;Câble HDMI 4K haute vitesse avec Ethernet Noir - 1.5 mètre;NED-;NED-CVGP34000BK15;NUFARTSTKSTD;MATERIEL;ACCESSOIRES;NEDIS;;;1;B4;0,95;0,95;;;;;;;;;;9;10,8;1;20;;;;
C5SG0100;Cordon RJ45 Cat 5e F/UTP Primacy 1m beige;EDO-;EDO-C5SG0100;NUFARTSTKSTD;MATERIEL;ACCESSOIRES;EDOX;;;1;I4;0,92;0,92;;;;;;C5SG0100;;;;1,82;2,184;1;20;;;;
VGP-BPS24;Batterie Sony VGP-BPS24 Lithium Polymer 4400 mAh Laptop;SON-;SON-VGP-BPS24;NUFARTSTKSTD;MATERIEL;ACCESSOIRES;SONY;;;1;C3;;0;;;;;;VGP-BPS24;;;;;;1;20;;;;
VDI124/5;Cordons DVI D double voie 24b mâle/mâle;CAB-;CAB-VDI124/5;NUFARTSTKSTD;MATERIEL;ACCESSOIRES;GENERIQUE;;;1;J4;;0;;;D3C;;;VDI124/5;;;;;;1;20;;;;
VD883SMA;Cordon VGA Haute Définition AWG26 mâle/mâle surmoulé;CAB-;CAB-VD883SMA;NUFARTSTKSTD;MATERIEL;ACCESSOIRES;GENERIQUE;;;2;J4;;0;;;D3C;;;VD883SMA;;;;;;1;20;;;;
USR4506;US Robotic Copper;USR-;USR-USR4506;NUFARTSTKSTD;MATERIEL;ACCESSOIRES;US ROBOTICS;;;1;D5;;0;;;;;;738168041459;;;;;;1;20;;;;
TVAC40630;Raccord TB NC Vidéo;CAB-;CAB-TVAC40630;NUFARTSTKSTD;MATERIEL;ACCESSOIRES;GENERIQUE;;;7;B1;;0;;;;;;4043158022360;;;;;;1;20;;;;
TM-LCD;Vision TM-LCD support mural d'écran plat - Supports muraux d'écrans plats (50 kg, Aluminium);VIS;VISTM-LCD;NUFARTSTKSTD;MATERIEL;ACCESSOIRES;VISION;;;3;AMAZON;;0;;;;;;1932374000005;;;;5,05;6,06;1;20;;;;
TC2VGAF3.5MM;VISION TechConnect - Plaque modulaire enclenchable - HD-15, fiche mini-phone Sté;VIS;VISTC2VGAF3.5MM;NUFARTSTKSTD;MATERIEL;ACCESSOIRES;VISION;;;8;K2;;0;;;TECH DATA;1643902;;1643902000007;;;;11,97;14,364;1;20;Audio/Vidéo;;;
TC2USBB;VISION TechConnect - Plaque modulaire enclenchable - USB Type B;VIS;VISTC2USBB;NUFARTSTKSTD;MATERIEL;ACCESSOIRES;VISION;;;23;K2;;0;;;TECH DATA;1643919;;1643919000007;;;;8,33;9,996;1;20;Audio/Vidéo;;;
TC23MUSB;Vision Techconnect 2 - Câble USB - USB à 4 broches, type A (M) - USB à 4 broches;VIS;VISTC23MUSB;NUFARTSTKSTD;MATERIEL;ACCESSOIRES;VISION;;;41;I5;;0;;;TECH DATA;3004700;;3004700000008;;;;4,2;5,04;1;20;Composants;;;
TC2 USBB;VISION TECHCONNECT V2 MODULE USB B (À LAVANT) VERS BOOSTER ACTIF A;VIS;VISTC2 USBB;NUFARTSTKSTD;MATERIEL;ACCESSOIRES;VISION;;;47;K2;;0;;;;;;;;;;32;38,4;1;20;;;;
TBD206324F8;Comatec TBD206324F8 Transformateur rail Din 230 Vac/24 Vac/63 VA;COM-;COM-TBD206324F8;NUFARTSTKSTD;MATERIEL;ACCESSOIRES;COMATEC;;;1;E2;;0;;;;;;TBD206324F8;;;;;;1;20;;;;
SOUOEM;Souris OEM;GEN-;GEN-SOUOEM;NUFARTSTKSTD;MATERIEL;ACCESSOIRES;GENERIQUE;;;2;B3;;0;;;;SOUOEM;;FCGLH0D5D2OUAZ;;;;9;10,8;1;20;;;;
SLR40WI;VP Interactif SMART LightRaise 40wi;SMA-;SMA-SLR40WI;NUFARTSTKSTD;MATERIEL;ACCESSOIRES;SMARTBOARD;;;1;C0;;0;;;;;;1016957;;;;1499;1798,8;1;20;;;;
SLC500-8E;Câble antivol V7 1,5m;V7-;V7-SLC500-8E;NUFARTSTKSTD;MATERIEL;ACCESSOIRES;V7;;;1;B1;;0;;;INGRAM MICRO;J150842;;4038489014269;;;;19,99;23,988;1;20;Accessoires;;;
SLAT4640201002;Système d'alimentation SLAT-batterie-Chargeur-Redresseur;GEN-;GEN-SLAT4640201002;NUFARTSTKSTD;MATERIEL;ACCESSOIRES;GENERIQUE;;;1;E1;;0;;;;;;SLAT4640201002;;;;3000;3600;1;20;;;;
SAB754;Support mural pour caméra;MES-;MES-SAB754;NUFARTSTKSTD;MATERIEL;ACCESSOIRES;MESSOA;VIDEO;;1;E3;;0;;;;SAB754;;SAB754;;;;90;108;1;20;;;;
RA0267A;[102557] RA0267A - Séquenceur Naocart S1 PCs démarrage progressif (suppression des pics de charge);NAO-;NAO-RA0267A;NUFARTSTKSTD;MATERIEL;ACCESSOIRES;NAOSCART;;;1;;;0;;;;;;;;;;;;1;20;;;;
PTA3002;Support de table pour Ipad à fixer;VOG-;VOG-PTA3002;NUFARTSTKSTD;MATERIEL;ACCESSOIRES;VOGELS;;;2;B1;;0;;;DAM DISTRIBUTEUR VOGEL'S SCHNEPEL - iTRIO;PTA3002;;8712285321764;;;;96;115,2;1;20;Accessoires;;;
PSE481B;INJECTEUR POWER OVER ETHERNET 48W;GEN-;GEN-PSE481B;NUFARTSTKSTD;MATERIEL;ACCESSOIRES;GENERIQUE;;;1;C2;;0;;;;;;PSE481B;;;;;;1;20;;;;
NP01WK;SUPPORT MOBILE POUR TABLEAU INTERACTIF;NEC-;NEC-NP01WK;NUFARTSTKSTD;MATERIEL;ACCESSOIRES;NEC;EDUCATION;;3;A0;;0;;;;NP01WK;;5028695608559;;;;89;106,8;1;20;;;;
MV-100;Console pour climatiseur;GEN-;GEN-MV-100;NUFARTSTKSTD;MATERIEL;ACCESSOIRES;GENERIQUE;;;2;L2;;0;;;;MV-100;;MV-100;;;;32,5;39;1;20;;;;
MP-VGA2HQ;Multiplicateur d'écran 2x VGA;GEN-;GEN-MP-VGA2HQ;NUFARTSTKSTD;MATERIEL;ACCESSOIRES;GENERIQUE;;;1;E2;;0;;;;MP-VGA2HQ;;MP-VGA2HQ;;;;35;42;1;20;;;;
ML303130;MOBILITY LAB-HUB PURE COLOR - WHITE .;MOB-;MOB-ML303130;NUFARTSTKSTD;MATERIEL;ACCESSOIRES;MOBILITY LAB;;;1;B4;;0;;;INGRAM MICRO;0P50231;;3700527303130;;;;16,67;20,004;1;20;Accessoires;;;
MINICACUSB2BLIST;Mini Chargeur allume cigare 2A avec 1 entrée USB Couleur Noir;GEN-;GEN-MINICACUSB2BLIST;NUFARTSTKSTD;MATERIEL;ACCESSOIRES;GENERIQUE;;;7;B4;;0;;;VOG IMPORT;MINICACUSB2BLIST;;3700493478405;;;;10;12;1;20;Composants;;;
MD-EU;Bluelounge MINIDOCKIPHONE Adaptateur de charge pour iPod et iPhone;BLU-;BLU-MD-EU;NUFARTSTKSTD;MATERIEL;ACCESSOIRES;BLUELOUNGE;;;1;AMAZON;;0;;;;;;736211527677;;;;4,158;4,99;1;20;;;;
LPNHE 003541864;USB 2,0 adaptater;GEN-;GEN-LPNHE 003541864;NUFARTSTKSTD;MATERIEL;ACCESSOIRES;GENERIQUE;;;1;I2;;0;;;;;;LPNHE003541864;;;;;;1;20;;;;
LMP-600;Lampe Sony LMP 600 - UHP - 120 Watt - pour VPL S600E, S900E, SC5;SON-;SON-LMP-600;NUFARTSTKSTD;MATERIEL;ACCESSOIRES;SONY;VIDEO;;1;C0;;0;;;TECH DATA;416616;;416616;;;;974,6;1169,52;1;20;Audio/Vidéo;;;
L30250;CARTE ANALOGIQUE SIEMENS;SIE-;SIE-L30250;NUFARTSTKSTD;MATERIEL;ACCESSOIRES;SIEMENS;;;2;K1;;0;;;;;;107894038145153;;;;;;1;20;;;;
HSG1-O-W16555;Support pour Caméra - étanche;GEN-;GEN-HSG1-O-W16555;NUFARTSTKSTD;MATERIEL;ACCESSOIRES;GENERIQUE;VIDEO;;1;E3;;0;;;;HSG1-O-W16555;;HSG1-O-W16555;;;;90;108;1;20;;;;
GC36633;USB to Lightning Cable - 3 Meter;GRI-;GRI-GC36633;NUFARTSTKSTD;MATERIEL;ACCESSOIRES;GRIFFIN;;;11;I2;;0;;;COMPUTERS UNLIMITED SAS;GRIGC36633FR;;GC36633;;;;25,83;30,996;1;20;Accessoires;;;
FPMA-W812;NEWSTAR FLATSCREEN WALL MOUNT;NEW-;NEW-FPMA-W812;NUFARTSTKSTD;MATERIEL;ACCESSOIRES;NEWSTAR;;;1;A4;;0;;;;;;8717371443948;;;;;;1;20;;;;
F4N90AA;HP 15-in-1 USB2/3 3.5 Media Card Reader;HEW-;HEW-F4N90AA;NUFARTSTKSTD;MATERIEL;ACCESSOIRES;HEWLETT PACKARD;;;2;C2 ;;0;;;TECH DATA;3017805;;888182142448;;;;33;39,6;1;20;Périphériques;;;
F2F90207-02M;COND PTCH,ST * /SC,8.3/125>62.5/125,2M;BEL-;BEL-F2F90207-02M;NUFARTSTKSTD;MATERIEL;ACCESSOIRES;BELKIN;;;1;K4;;0;;;TECH DATA;2700854;;722868621004;;;;71,46;85,752;1;20;Réseaux;;;
F2F20290-05M;Fiber, MTRJ/ST, 5M, Duplex, 62.5/125;BEL-;BEL-F2F20290-05M;NUFARTSTKSTD;MATERIEL;ACCESSOIRES;BELKIN;;;6;K4;;0;;;TECH DATA;1212747;;722868585948;;;;18,03;21,636;1;20;Réseaux;;;
F2E4162CP;Belkin PRO Series Digital Video Interface Adapter - Adaptateur VGA - DVI-A (M) -;BEL-;BEL-F2E4162CP;NUFARTSTKSTD;MATERIEL;ACCESSOIRES;BELKIN;;;9;J2;;0;;;;F2E4162CP;;722868762905;;;;8,35;10,02;1;20;;;;
F26084-V320-A110;19x Fujitsu Keyboard and Mouse F26084-V320-A110;FUJ-;FUJ-F26084-V320-A110;NUFARTSTKSTD;MATERIEL;ACCESSOIRES;FUJITSU;;;1;B2;;0;;;;;;10600198781;;;;;;1;20;;;;
F1D108-CBL;CABLE CASCADE OMNIVIEW 1,8M;BEL-;BEL-F1D108-CBL;NUFARTSTKSTD;MATERIEL;ACCESSOIRES;BELKIN;;;7;I2;;0;;;TECH DATA;428704;;722868255490;;;;8,06;9,672;1;20;Réseaux;;;
ENH210;Pont Radio Exterieur Antenne Integrée;GEN-;GEN-ENH210;NUFARTSTKSTD;MATERIEL;ACCESSOIRES;GENERIQUE;;;1;D4;;0;;;;;;6552160051292;;;;890;1068;1;20;;;;
EAN11693;4 Embouts De Finition Pour 15x30 Mm;GEN-;GEN-EAN11693;NUFARTSTKSTD;MATERIEL;ACCESSOIRES;GENERIQUE;;;2;K3;;0;;;BRICO DEPOT;;;4018475250345;;;;;;1;20;;;;
E230635;Cable Coaxial E230635;CAB-;CAB-E230635;NUFARTSTKSTD;MATERIEL;ACCESSOIRES;GENERIQUE;;;1;J4;;0;;;;;;E230635;;;;;;1;20;;;;
COAX-2M;Cable Coaxial 2m M/M;CAB-;CAB-COAX-2M;NUFARTSTKSTD;MATERIEL;ACCESSOIRES;GENERIQUE;;;2;B1;;0;;;;;;COAX-2M;;;;8,33;9,996;1;20;;;;
CLDJ02/2;LCD TV WALL MOUNT;CAB-;CAB-CLDJ02/2;NUFARTSTKSTD;MATERIEL;ACCESSOIRES;GENERIQUE;;;1;D4;;0;;;;CLDJ02/2;;785014010909;;;;56;67,2;1;20;;;;
CLAVPC;Clavier;CAB-;CAB-CLAVPC;NUFARTSTKSTD;MATERIEL;ACCESSOIRES;GENERIQUE;;;5;B3;;0;;;;;;CLAVPC;;;;;;1;20;;;;
CKS600;Support étanche pour Camera;CAB-;CAB-CKS600;NUFARTSTKSTD;MATERIEL;ACCESSOIRES;GENERIQUE;;;2;E3;;0;;;;CKS600;;CKS600;;;;90;108;1;20;;;;
CABVGA5;Cable VGA 5m;CAB-;CAB-CABVGA5;NUFARTSTKSTD;MATERIEL;ACCESSOIRES;GENERIQUE;;;7;J1;;0;;;;;;CABVGA5;;;;8,35;10,02;1;20;;;;
CABRJ45RS232;Cable RS232/RJ45 1,5m;CAB-;CAB-CABRJ45RS232;NUFARTSTKSTD;MATERIEL;ACCESSOIRES;GENERIQUE;;;1;I3;;0;;;;;;CABRJ45RS232;;;;9;10,8;1;20;;;;
C12C824352;C12C824352 Net 10/100 Base TX Type B Internal Ethernet Print Server EPSC12C824352;EPS-;EPS-C12C824352;NUFARTSTKSTD;MATERIEL;ACCESSOIRES;EPSON;;;1;C4;;0;;;TECH DATA;1358280;;8715946331829;;;;;;1;20;Périphériques;Imprimante / Fax;;
BX-2504B;"Suza Advance BX-2504B - Boitier externe - 2.5"" - ATA -";ADV-;ADV-BX-2504B;NUFARTSTKSTD;MATERIEL;ACCESSOIRES;ADVANCE;;;1;E2;;0;;;;;;3700104402133;;;;;;1;20;;;;
BOXSTK1AW32SC;Intel compute stick STK1AW32SCR;INT-;INT-BOXSTK1AW32SC;NUFARTSTKSTD;MATERIEL;ACCESSOIRES;INTEL;;;1;SHOWROOM;;0;;;;;;;;;;;;1;20;;;;
B00P6JKACS;Adaptateur Display vers VGA;CAB-;CAB-B00P6JKACS;NUFARTSTKSTD;MATERIEL;ACCESSOIRES;GENERIQUE;;;35;K1;;0;;;;;;B00P6JKACS;;;;15;18;1;20;;;;
B006Z5AH3Y;Integral 360 Secure 4 GB USB 2.0 Flash Drive with 256-Bit Encryption Software;INT-;INT-B006Z5AH3Y;NUFARTSTKSTD;MATERIEL;ACCESSOIRES;INTEGRAL;;;1;AMAZON;;0;;;;;;;;;;;;1;20;;;;
AWM20276;E119932-T AWM 20276 80C 30V VW-1 DVI to DVI Dual Link Cable;CAB-;CAB-AWM20276;NUFARTSTKSTD;MATERIEL;ACCESSOIRES;GENERIQUE;;;2;J4;;0;;;;;;AWM20276;;;;;;1;20;;;;
ATXP4EXT;Câble rallonge d'alimentation processeur P4 4 broches ATX12V de 20 cm - M/F;CAB-;CAB-ATXP4EXT;NUFARTSTKSTD;MATERIEL;ACCESSOIRES;GENERIQUE;;;1;A3;;0;;;;;;65030818872;;;;;;1;20;;;;
APTFSBB400;Support Au Sol Pour Les 400 Compatible Avec Les 70'' Et 75'';PRO-;PRO-APTFSBB400;NUFARTSTKSTD;MATERIEL;ACCESSOIRES;PROMOTHEAN;;;2;;;0;;;;;;;;;;179;214,8;1;20;;;;
ABMTS-UST;PROMETHEAN ActivBoard Mount System;PRO-;PRO-ABMTS-UST;NUFARTSTKSTD;MATERIEL;ACCESSOIRES;PROMOTHEAN;;;2;B0;;0;;;;;;;;;;;;1;20;;;;
A3L791B10M-GRY;Belkin cordon de raccordement - 10 m - gris;BEL-;BEL-A3L791B10M-GRY;NUFARTSTKSTD;MATERIEL;ACCESSOIRES;BELKIN;;;2;I3;;0;;;;;;722868188392;;;;;;1;20;;;;
A3L791B05M-GRY;Belkin cordon de raccordement - 5 m - gris;BEL-;BEL-A3L791B05M-GRY;NUFARTSTKSTD;MATERIEL;ACCESSOIRES;BELKIN;;;3;I3;;0;;;;;;722868188354;;;;;;1;20;;;;
A3L791B02M-GRY;Belkin cordon de raccordement - 2 m - gris;BEL-;BEL-A3L791B02M-GRY;NUFARTSTKSTD;MATERIEL;ACCESSOIRES;BELKIN;;;1;I2;;0;;;;;;722868188255;;;;;;1;20;;;;
A3L791B01M-GRY;Belkin cordon de raccordement - 1 m - gris;BEL-;BEL-A3L791B01M-GRY;NUFARTSTKSTD;MATERIEL;ACCESSOIRES;BELKIN;;;3;I2;;0;;;;;;722868188200;;;;;;1;20;;;;
97-512-009;Support VESA arrière;GEN-;GEN-97-512-009;NUFARTSTKSTD;MATERIEL;ACCESSOIRES;GENERIQUE;;;2;B2;;0;;;;97-512-009;;97-512-009;;;;29,17;35,004;1;20;;;;
89G1758A;Câble USB AB Noir High Grade;CAB-;CAB-89G1758A;NUFARTSTKSTD;MATERIEL;ACCESSOIRES;GENERIQUE;;;10;I5;;0;;;;;;3578222528642;;;;4,29;5,148;1;20;;;;
88503;Cbl/2M Computer Power EXT cordC13 to C14;CAB-;CAB-88503;NUFARTSTKSTD;MATERIEL;ACCESSOIRES;GENERIQUE;;;2;J3;;0;;;;;;757120885030;;;;8,35;10,02;1;20;Audio/Vidéo/Image ;Câbles Audio / Vidéo ;;
84H321710-022;Slide Rail, 26”, EZ-Mount;GEN-;GEN-84H321710-022;NUFARTSTKSTD;MATERIEL;ACCESSOIRES;GENERIQUE;;;1;L2;;0;;;;;;84H321710-022;;;;;;1;20;;;;
847200;CORDON CAT 5E 4P MOULE STP 2M;CAB-;CAB-847200;NUFARTSTKSTD;MATERIEL;ACCESSOIRES;GENERIQUE;;;4;I3;;0;;;;;;3524890084720;;;;;;1;20;;;;
8388100;Vogel's Tilt module S/M;VOG-;VOG-8388100;NUFARTSTKSTD;MATERIEL;ACCESSOIRES;VOGELS;;;1;A4;;0;;;;8388100;;8388100;;;;16,67;20,004;1;20;;;;
81683;C2G - Câble USB - USB à 9 broches Type A (M) - Micro-USB Type B 10 broches (M) -;C2G-;C2G-81683;NUFARTSTKSTD;MATERIEL;ACCESSOIRES;C2G;;;5;I1;;0;;;;;;757120816836;;;;10,38;12,456;1;20;;;;
81614;Câble FireWire 800 - FireWire 400 - 2m;CAB-;CAB-81614;NUFARTSTKSTD;MATERIEL;ACCESSOIRES;GENERIQUE;;;7;I1;;0;;;TECH DATA;1805863;;A1021-2M;;;;22,81;27,372;1;20;Audio/Vidéo;;;
811598;90M CAT5 CABLE;CAB-;CAB-811598;NUFARTSTKSTD;MATERIEL;ACCESSOIRES;GENERIQUE;;;1;J4;;0;;;;;;811598;;;;;;1;20;;;;
810760;Lot de 2 angles extérieeurs pour moulure;GEN-;GEN-810760;NUFARTSTKSTD;MATERIEL;ACCESSOIRES;GENERIQUE;;;6;K3;;0;;;BRICO DEPOT;;;4018475250888;;;;;;1;20;;;;
810759;2 Angles Extérieurs 15x30 Mm;GEN-;GEN-810759;NUFARTSTKSTD;MATERIEL;ACCESSOIRES;GENERIQUE;;;1;K3;;0;;;BRICO DEPOT;;;4018475250864;;;;;;1;20;;;;
810228;Angle Plat 15x30 Mm (4 Pièces);GEN-;GEN-810228;NUFARTSTKSTD;MATERIEL;ACCESSOIRES;GENERIQUE;;;4;K3;;0;;;BRICO DEPOT;;;4018475250727;;;;;;1;20;;;;
810183;Angle Intérieur 15x30 Mm (4 Pièces);GEN-;GEN-810183;NUFARTSTKSTD;MATERIEL;ACCESSOIRES;GENERIQUE;;;3;K3;;0;;;BRICO DEPOT;;;4018475289062;;;;;;1;20;;;;
80606;C2G Laptop Power Cord - Câble d'alimentation (250 VCA)- 1 m - Moulé - noir - Eur;C2G-;C2G-80606;NUFARTSTKSTD;MATERIEL;ACCESSOIRES;C2G;;;10;J3;;0;;;TECH DATA;2971686;;757120806066;;;;6,98;8,376;1;20;Composants;;;
75690;Accessoire Soluclip - pour goulotte Prog Mosaic clip direct - Blanc;GEN-;GEN-75690;NUFARTSTKSTD;MATERIEL;ACCESSOIRES;GENERIQUE;;;1;K3;;0;;;;;;3245060756901;;;;;;1;20;;;;
737414-001;HP 737414-001 Cable Management Arm 2U DL380P G8;HEW-;HEW-737414-001;NUFARTSTKSTD;MATERIEL;ACCESSOIRES;HEWLETT PACKARD;;;7;L2;;0;;;;;;1P737414-001;;;;;;1;20;;;;
703216-001;Adaptateur mini Display Port vers DP - HP;CAB-;CAB-703216-001;NUFARTSTKSTD;MATERIEL;ACCESSOIRES;GENERIQUE;;;4;I2;;0;;;;;;703216-001;;;;20,83;24,996;1;20;;;;
675843-B21;HP - Kit de mise en oeuvre - 4U - pour ProLiant ML310e Gen8, ML310e Gen8 Base, M;HEW-;HEW-675843-B21;NUFARTSTKSTD;MATERIEL;ACCESSOIRES;HEWLETT PACKARD;;;1;L2;;0;;;TECH DATA;2577516;;675843-B21;;;;145;174;1;20;;;;
666986-B21;HP LFF HDD Blank Gen8 Kit;HEW-;HEW-666986-B21;NUFARTSTKSTD;MATERIEL;ACCESSOIRES;HEWLETT PACKARD;;;11;L1;;0;;;ALSO;1759333;;886112093846;;;;10;12;1;20;Accessoires;Serveurs ;;
5502-301;Axis 5502-301 Support poteau pour caméra IP215;AXI-;AXI-5502-301;NUFARTSTKSTD;MATERIEL;ACCESSOIRES;AXIS;;;1;E3;;0;;;;;;7331021026322;;;;;;1;20;;;;
532300;Cordon USB 2.0 AB M/M 5 M STD;CAB-;CAB-532300;NUFARTSTKSTD;MATERIEL;ACCESSOIRES;GENERIQUE;;;53;I5;;0;;;;;;3524890532306;;;;;;1;20;;;;
531300;Cordon USB 2.0 TYPE A M/M 5M;CAB-;CAB-531300;NUFARTSTKSTD;MATERIEL;ACCESSOIRES;GENERIQUE;;;7;I3;;0;;;;;;3524890531309;;;;;;1;20;;;;
512327-B21/2;HP Common Slot High Efficiency - Alimentation - branchement à chaud;HEW-;HEW-512327-B21/2;NUFARTSTKSTD;MATERIEL;ACCESSOIRES;HEWLETT PACKARD;;;3;L1;;0;;;TECH DATA;1729884;;884420588146;;;;215;258;1;20;;;;
503296-B21;HP - Alimentation - hotPlug  - 80 PLUS Gold - CA 100-240 V - 460 Watt;HEW-;HEW-503296-B21;NUFARTSTKSTD;MATERIEL;ACCESSOIRES;HEWLETT PACKARD;;;2;L1;;0;;;ALSO;1468664;;503296-B21;;;;180;216;1;20;Composants;;;
4SVDVI10-001;Switchview Dvi 4 Port USB KVM Switch USB 2.0 Hub with Audio;AVO-;AVO-4SVDVI10-001;NUFARTSTKSTD;MATERIEL;ACCESSOIRES;AVOCENT;SWITCH;;1;C2;;0;;;;;;4SVDVI10-001;;;;;;1;20;;;;
4984;PLASTRON 1RJ45 22.5 X 45 BLANC;GEN-;GEN-4984;NUFARTSTKSTD;MATERIEL;ACCESSOIRES;GENERIQUE;;;7;K4;;0;;;;;;4984;;;;;;1;20;;;;
41931;Câble USB 2.0 type A/A, 0,5m;CAB-;CAB-41931;NUFARTSTKSTD;MATERIEL;ACCESSOIRES;GENERIQUE;;;38;I2;;0;;;;;;4002888419314;;;;1,563;1,876;1;20;;;;
35667;Iomega Corporation 35667 NAS Power Supply for PX4-300r;IOM-;IOM-35667;NUFARTSTKSTD;MATERIEL;ACCESSOIRES;IOMEGA;;;1;L1;;0;;;;;;742709356674;;;;;;1;20;;;;
3545411211579;Clips irldiametre 20;GEN-;GEN-3545411211579;NUFARTSTKSTD;MATERIEL;ACCESSOIRES;GENERIQUE;;;58;K5;;0;;;;;;;;;;4,35;5,22;1;20;;;;
35232;Câble mini optique 2m;CAB-;CAB-35232;NUFARTSTKSTD;MATERIEL;ACCESSOIRES;GENERIQUE;;;1;K4;;0;;;;35232;;;;;;19;22,8;1;20;;;;
250914;8 boitiers clipsables +3M bande 8mm;GEN-;GEN-250914;NUFARTSTKSTD;MATERIEL;ACCESSOIRES;GENERIQUE;;;1;K5;;0;;;;;;3601652509148;;;;;;1;20;;;;
211820;Adaptateur Usb Wifi N V2 Sagem;GEN-;GEN-211820;NUFARTSTKSTD;MATERIEL;ACCESSOIRES;GENERIQUE;;;1;L2;;0;;;;;;3561292118202;;;;;;1;20;;;;
11673;UGREEN VGA VGA Câble VGA SVGA Mâle vers Mâle 1080P Plaqué Or avec Noyau de Ferrite pour Écran, Moniteur, Projecteur, PC, TV HD, Noir (1 M);CAB-;CAB-11673;NUFARTSTKSTD;MATERIEL;ACCESSOIRES;GENERIQUE;;;1;J3;;0;;;;;;X000AU9LXP;;;;;;1;20;;;;
104191;Cordon BNC 75 ohms - 1 m;CAB-;CAB-104191;NUFARTSTKSTD;MATERIEL;ACCESSOIRES;GENERIQUE;;;10;B1;;0;;;;;;3548381041917;;;;5,2;6,24;1;20;;;;
1013459;Alimentation smart Enceinte SMART SBA-V;GEN-;GEN-1013459;NUFARTSTKSTD;MATERIEL;ACCESSOIRES;GENERIQUE;;;6;J1;;0;;;;;;1013459;;;;;;1;20;;;;
1007522;Câble USB 5M;CAB-;CAB-1007522;NUFARTSTKSTD;MATERIEL;ACCESSOIRES;GENERIQUE;;;18;I2;;0;;;;1007522;;1007522;;;;15;18;1;20;Accessoires;;;
99646;PRISE RJ45 CAT6 FTP 2 MODULES;GEN-;GEN-99646;NUFARTSTKSTD;MATERIEL;ACCESSOIRES;GENERIQUE;;;6;K3;;0;;;;;;3245060996468;;;;;;1;20;;;;
96615;Prise 2P+T Legrand Niloé - 16 A - bornes auto - Eclat Legrand;GEN-;GEN-96615;NUFARTSTKSTD;MATERIEL;ACCESSOIRES;GENERIQUE;;;3;K3;;0;;;;;;3245060966157;;;;;;1;20;;;;
85532;Barrette de Terre Basse;GEN-;GEN-85532;NUFARTSTKSTD;MATERIEL;ACCESSOIRES;GENERIQUE;;;1;C4;;0;;;;;;3520420855327;;;;6,667;8;1;20;;;;
75631;Angle extérieur 85 à 120° - pour goulotte à clippage direct Prog Mosaic 50x80;GEN-;GEN-75631;NUFARTSTKSTD;MATERIEL;ACCESSOIRES;GENERIQUE;;;1;K3;;0;;;;;;3245060756314;;;;;;1;20;;;;
69731;Prise 2P+T avec éclips de protection Prog Plexo complet saillie Gris - 16 A;GEN-;GEN-69731;NUFARTSTKSTD;MATERIEL;ACCESSOIRES;GENERIQUE;;;1;K5;;0;;;;;;3245060697310;;;;;;1;20;;;;
064690-62;Fiche US femelle coudée 250 V/AC;GEN-;GEN-064690-62;NUFARTSTKSTD;MATERIEL;ACCESSOIRES;GENERIQUE;;;79;K2;;0;;;;064690-62;;064690-62;;;;4,5;5,4;1;20;;;;
002.2460 ;Support pour projecteur L4, SILVER GREY 9010, 59 - 93 cm, with universal bracket;GEN-;GEN-002.2460 ;NUFARTSTKSTD;MATERIEL;ACCESSOIRES;GENERIQUE;;;1;A2;;0;;;;;;002.2460;;;;;;1;20;;;;
1304;Coffret cache-bornes - 4 modules - blanc RAL 9010;GEN-;GEN-1304;NUFARTSTKSTD;MATERIEL;ACCESSOIRES;GENERIQUE;;;2;K3;;0;;;;;;3245060013042;;;;;;1;20;;;;
SA400S37/240G;"Kingston SSD A400 - 240GB disque ssd (2.5"", SATA 3)";KIN-;KIN-SA400S37/240G;NUFARTSTKSERIE;MATERIEL;COMPOSANTS;KINGSTON;DD INTERNE;;12;;78,75;945;;;;;;;;;;33,29;39,948;1;20;;;;
CT51264BD160BJ;Crucial 4Go Ram (DDR3L, 1600 MT/s, PC3L-12800;CRU-;CRU-CT51264BD160BJ;NUFARTSTKSTD;MATERIEL;COMPOSANTS;CRUCIAL;MEMOIRES;;13;C3;24,992;324,9;;;;;;649528762498;;;;39;46,8;1;20;;;;
CT2KIT102464BF16;Pack RAM de 8GBX2 DDR3L 1600 MT/s (PC3L-12800) SODIMM 204-Pin;CRU-;CRU-CT2KIT102464BF16;NUFARTSTKSTD;MATERIEL;COMPOSANTS;CRUCIAL;MEMOIRES;;2;D4;95,75;191,5;;;;;;649528754592;;;;129;154,8;1;20;;;;
WD40EFAX;"Western Digital WD Red 4 To SATA 6Gb/s Disque Dur 3,5"" 4 To 256 Mo Serial ATA 6Gb/s - WD40EFAX (bulk)";WES-;WES-WD40EFAX;NUFARTSTKSERIE;MATERIEL;COMPOSANTS;WESTERN DIGITAL;DD INTERNE;;2;;93,97;187,94;;;;;;;;;;124,12;148,944;1;20;;;;
SDSDXXG-032G;Carte Mémoire SDHC Sandisk Extreme Pro 32 Go jusqu'à 95 Mo/s;SAN-;SAN-SDSDXXG-032G;NUFARTSTKSTD;MATERIEL;COMPOSANTS;SANDISK;MEMOIRES;;4;C3;20,97;83,88;;;;;;619659147655;;;;35;42;1;20;;;;
4ZC7A08696;Lenovo TruDDR4 DDR4 8 Go DIMM 288 broches 2666 MHz / PC4-21300;LEN-;LEN-4ZC7A08696;NUFARTSTKSTD;MATERIEL;COMPOSANTS;LENOVO;MEMOIRES;;1;;73,85;73,85;;;;;;;;;;208;249,6;1;20;;;;
ST500LM034;"SEAGATE BARRACUDA PRO 500 GO - Disque dur 2.5"" 500 Go 7200 RPM 128 Mo Serial ATA 6 Gb/s (bulk)";SEA-;SEA-ST500LM034;NUFARTSTKSERIE;MATERIEL;COMPOSANTS;SEAGATE;DD INTERNE;;2;C3;34,63;69,26;;;;;;AR201802190106;;;;55;66;1;20;;;;
CT480BX500SSD1;"SSD Crucial 480 Go 2.5"" 7mm Serial ATA 6Gb/s";CRU-;CRU-CT480BX500SSD1;NUFARTSTKSERIE;MATERIEL;COMPOSANTS;CRUCIAL;DD INTERNE;;1;;44,59;44,59;;;;;;;;;;66,63;79,956;1;20;;;;
CMSX4GX4M1A2400C16;CORSAIR VENGEANCE SO-DIMM DDR4 4 GO 2400 MHZ CL16 RAM DDR4 PC4-19200 - CMSX4GX4M1A2400C16 (garantie 10 ans par Corsair;COR-;COR-CMSX4GX4M1A2400C16;NUFARTSTKSTD;MATERIEL;COMPOSANTS;CORSAIR;MEMOIRES;;1;C2;29,49;29,49;;;;;;;;;;35,79;42,948;1;20;;;;
CT8G3S160BMCEU;Crucial 8Go DDR3 1600 MT/s (PC3-12800) SODIMM 204-Pin Memory for Mac - CT8G3S160BMCEU;CRU-;CRU-CT8G3S160BMCEU;NUFARTSTKSTD;MATERIEL;COMPOSANTS;CRUCIAL;MEMOIRES;;0,5;C3;54,03;27,02;;;;;;649528762344;;;;79;94,8;1;20;;;;
LDLC SSD F7 PLUS 3D NAND 240GB;"LDLC SSD F7 PLUS 3D NAND 240 GB SSD 240 Go NAND 3D TLC 2.5"" 7mm Serial ATA 6Gb/s";LDL-;LDL-LDLC SSD F7 PLUS 3D NAND 240GB;NUFARTSTKSERIE;MATERIEL;COMPOSANTS;LDLC;DD INTERNE;;1;C2;25,05;25,05;;;;;;;;;;35,79;42,948;1;20;;;;
MZ-V7S500BW;SAMSUNG SSD 970 EVO PLUS M.2 PCIE NVME 500 GO SSD 500 Go M.2 NVMe 1.3 - PCIe 3.0 x4 Garantie 5ans;SAM-;SAM-MZ-V7S500BW;NUFARTSTKSERIE;MATERIEL;COMPOSANTS;SAMSUNG;DD INTERNE;;-1;;91,53;0;;;;;;;;;;119,13;142,956;1;20;;;;
90Y8926;146GB 15K 6GBPS SAS 2.5 inch-SFF G2HS Hard Disk Drive;IBM-;IBM-90Y8926;NUFARTSTKSERIE;MATERIEL;COMPOSANTS;IBM;DD INTERNE;;1;L1;;0;;;;;;90Y8926;;;;183,33;219,996;1;20;;;;
454146-B21;HP Midline - Disque dur - 1 To - échangeable à chaud - 3.5*;HEW-;HEW-454146-B21;NUFARTSTKSERIE;MATERIEL;COMPOSANTS;HEWLETT PACKARD;DD INTERNE;;1;L1;;0;;;;;;883585297337;;;;;;1;20;;;;
LEX24B6010;LEXMARK To jaune HC XC2132;LEW-;LEW-LEX24B6010;NUFARTSTKSTD;CONSOMMABLES;CONSOMMABLES;LEXMARK;ENCRES TONERS;;4;BUREAU COMPTA;42,09;168,36;;;;;;734646498760;;;;90;108;1;20;;;;
LEX24B6011;LEXMARK To bk HC XC2132;LEX;LEXLEX24B6011;NUFARTSTKSTD;CONSOMMABLES;CONSOMMABLES;LEXMARK;ENCRES TONERS;;4;BUREAU COMPTA;39,8;159,2;;;;;;734646498777;;;;89;106,8;1;20;;;;
LEX24B6009;LEXMARK To magen HC XC2132;LEX-;LEX-LEX24B6009;NUFARTSTKSTD;CONSOMMABLES;CONSOMMABLES;LEXMARK;ENCRES TONERS;;3;BUREAU COMPTA;42,09;126,27;;;;;;734646498753;;;;90;108;1;20;;;;
LEX24B6008;LEXMARK To cyan HC XC2132;LEX-;LEX-LEX24B6008;NUFARTSTKSTD;CONSOMMABLES;CONSOMMABLES;LEXMARK;ENCRES TONERS;;3;BUREAU COMPTA;42,09;126,27;;;;;;734646498746;;;;90;108;1;20;;;;
MTBC25B ;Toner, original, cyan, Konica-Minolta Box, 4.500 prints;KON-;KON-MTBC25B ;NUFARTSTKSTD;CONSOMMABLES;CONSOMMABLES;KONICA;ENCRES TONERS;;3;AMAZON;32,6;97,8;;;;;;A0X5453;;;;39,12;39,12;0;;;;;
LEX80C2HCE;LEXMARK Ton HC cyan Cor 802HCE;LEX-;LEX-LEX80C2HCE;NUFARTSTKSTD;CONSOMMABLES;CONSOMMABLES;LEXMARK;ENCRES TONERS;;1;AMAZON;83,97;83,97;;80C2HCE;OCTANT;LEX80C2HCE;;734646497176;;;;104,96;125,952;1;20;Consommables;;;
A0WG0KJ;Drum Unit, original, cyan, in Konica Minolta Box, 20.000 prints;KON-;KON-A0WG0KJ;NUFARTSTKSTD;CONSOMMABLES;CONSOMMABLES;KONICA;ACCESSOIRES;;1;AMAZON;73;73;;;;;;39281053610;;;;165;198;1;20;;;;
A0WG0EJ;Drum Unit, original, magenta, in Konica Minolta Box, 20.000 prints;KON-;KON-A0WG0EJ;NUFARTSTKSTD;CONSOMMABLES;CONSOMMABLES;KONICA;ACCESSOIRES;;1;AMAZON;73;73;;;;;;39281053597;;;;160;192;1;20;;;;
A0WG03J;Drum Unit, original, black, in Konica Minolta Box, 20.000 prints;KON-;KON-A0WG03J;NUFARTSTKSTD;CONSOMMABLES;CONSOMMABLES;KONICA;ACCESSOIRES;;1;AMAZON;71,7;71,7;;;THS FRANCE;;;39281053634;;;;90;108;1;20;;;;
MTBC25R ;Toner, original, magenta, Konica-Minolta Box, 4.500 prints;KON-;KON-MTBC25R ;NUFARTSTKSTD;CONSOMMABLES;CONSOMMABLES;KONICA;ENCRES TONERS;;2;AMAZON;32,6;65,2;;;;;;A0X5353;;;;39,12;39,12;0;;;;;
MTBC25G ;Toner, original, yellow, Konica-Minolta Box, 4.500 prints;KON-;KON-MTBC25G ;NUFARTSTKSTD;CONSOMMABLES;CONSOMMABLES;KONICA;ENCRES TONERS;;2;AMAZON;32,6;65,2;;;;;;A0X5253;;;;39,12;39,12;0;;;;;
DT+203S;Develop Toner, original, Typ 213K ineo + 203, 253;RIC-;RIC-DT+203S;NUFARTSTKSTD;CONSOMMABLES;CONSOMMABLES;RICOH;ENCRES TONERS;;1;AMAZON;35,9;35,9;;;;;;1PA0D71D2;;;;49;58,8;1;20;;;;
MTBC35B ;Toner, original, cyan, Konica-Minolta Box, 4.500 prints;KON-;KON-MTBC35B ;NUFARTSTKSTD;CONSOMMABLES;CONSOMMABLES;KONICA;ENCRES TONERS;;1;AMAZON;22;22;;;;;;A0X5452;;;;28,2;33,84;1;20;;;;
TN213Y;CARTOUCHE TN213Y JAUNE INEO+203/253;BRO-;BRO-TN213Y;NUFARTSTKSTD;CONSOMMABLES;CONSOMMABLES;BROTHER;ENCRES TONERS;;1;AMAZON;;0;;;;;;1PA0D72D2;;;;135;162;1;20;;;;
TN213M;CARTOUCHE TN213 MAGENTA INEO+203/253;BRO-;BRO-TN213M;NUFARTSTKSTD;CONSOMMABLES;CONSOMMABLES;BROTHER;ENCRES TONERS;;3;AMAZON;;0;;;;;;1PA0D73D2;;;;80;96;1;20;;;;
TN213C;CARTOUCHE TN213 CYAN INEO-203/253;BRO-;BRO-TN213C;NUFARTSTKSTD;CONSOMMABLES;CONSOMMABLES;BROTHER;ENCRES TONERS;;1;AMAZON;;0;;;;;;1PA0D74D2;;;;;;1;20;;;;
TN-120;TONER 240F;BRO-;BRO-TN-120;NUFARTSTKSTD;CONSOMMABLES;CONSOMMABLES;BROTHER;ENCRES TONERS;;5;C3;;0;;;;;;TN-120;;;;149;178,8;1;20;;;;
Q6003A;Toner Magenta 2000p pour HP Color LaserJet 2600n;HEW-;HEW-Q6003A;NUFARTSTKSTD;CONSOMMABLES;CONSOMMABLES;HEWLETT PACKARD;ENCRES TONERS;;1;C3;;0;;;;;;Q6003A;;;;109;130,8;1;20;;;;
DR6000;TAMBOUR BROTHER HL 1240/1250/1270N;BRO-;BRO-DR6000;NUFARTSTKSTD;CONSOMMABLES;CONSOMMABLES;BROTHER;ENCRES TONERS;;1;C4;;0;;;;;;DR6000;;;;136;163,2;1;20;;;;
C540X75G;Lexmark - Collecteur de toner usagé LCCP - pour Lexmark CS310, CS410, CS510, CX4;LEX-;LEX-C540X75G;NUFARTSTKSTD;CONSOMMABLES;CONSOMMABLES;LEXMARK;ACCESSOIRES;;4;BUREAU COMPTA+C3;;0;;;TECH DATA;1662650;;734646074148;;;;8,42;10,104;1;20;;;;
ATB-C253;Waste Toner Box, kompatibel, FOR USE IN;KON-;KON-ATB-C253;NUFARTSTKSTD;CONSOMMABLES;CONSOMMABLES;KONICA;ACCESSOIRES;;1;AMAZON;;0;;;THS FRANCE;ATB-C253;;4049816001579;;;;30;36;1;20;Consommables;;;
A0XV-1TD;Drum unit DR311;DEV-;DEV-A0XV-1TD;NUFARTSTKSTD;CONSOMMABLES;CONSOMMABLES;DEVELOP;ENCRES TONERS;;1;AMAZON;;0;;;;;;A0XV-1TD;;;;350;420;1;20;;;;
A0X5350;Toner original, magenta pour 4700 series;DEV-;DEV-A0X5350;NUFARTSTKSTD;CONSOMMABLES;CONSOMMABLES;DEVELOP;ENCRES TONERS;;1;C4;;0;;;;;;39281052897;;;;;;1;20;;;;
A0X5151;Toner original, blue pour 4700 series;DEV-;DEV-A0X5151;NUFARTSTKSTD;CONSOMMABLES;CONSOMMABLES;DEVELOP;ENCRES TONERS;;1;C4;;0;;;;A0X5151;;A0X5151;;;;76,8;92,16;1;20;;;;
A0WG13J;Drum Unit, original, black, in Konica Minolta Box, 20.000 prints;DEV-;DEV-A0WG13J;NUFARTSTKSTD;CONSOMMABLES;CONSOMMABLES;DEVELOP;ENCRES TONERS;;1;C3;;0;;;;;;A0WG13J;;;;90;108;1;20;Consommables;;;
A0TM450;Konica minolta toner original TN613C;KON-;KON-A0TM450;NUFARTSTKSTD;CONSOMMABLES;CONSOMMABLES;KONICA;ENCRES TONERS;;1;C3;;0;;;THS FRANCE;MTBC552B;;AC4503713C;;;;104,16;124,992;1;20;Composants;;;
A0TM350;Konica minolta toner original tn613M;KON-;KON-A0TM350;NUFARTSTKSTD;CONSOMMABLES;CONSOMMABLES;KONICA;ENCRES TONERS;;1;C3;;0;;;THS FRANCE;MTBC552R;;AM3503Y21C;;;;104,16;124,992;1;20;;;;
A06V453;KONICA-MINOLTAMAGICOLOR5550-;KON-;KON-A06V453;NUFARTSTKSTD;CONSOMMABLES;CONSOMMABLES;KONICA;ENCRES TONERS;;1;AMAZON;;0;;;;;;39281044571;;;;179;214,8;1;20;;;;
A06V152;Konica Minolta Cartouche de toner - Pack de 1 Noir;KON-;KON-A06V152;NUFARTSTKSTD;CONSOMMABLES;CONSOMMABLES;KONICA;ENCRES TONERS;;1;AMAZON;;0;;;;;;39281044229;;;;;;1;20;;;;
A03100H;Drum Unit, modified, black, in Neutral Box, 30.000 prints;KON-;KON-A03100H;NUFARTSTKSTD;CONSOMMABLES;CONSOMMABLES;KONICA;ACCESSOIRES;;2;C3;;0;;;THS FRANCE;MD-5550S;;4049816011011;;;;126,72;152,064;1;20;Accessoires;;;
70C0D40;Lexmark 700D4 - Jaune - original - kit de développement LCCP - pour Lexmark CS31;LEX-;LEX-70C0D40;NUFARTSTKSTD;CONSOMMABLES;CONSOMMABLES;LEXMARK;ENCRES TONERS;;1;BUREAU COMPTA;;0;;;DEXXON MEDIA;70C0D40;;734646436489;;;;38,55;46,26;1;20;Consommables;Consommables pour imprimantes ;;
40X7623;Kit de fusion Lexmark C2130;LEX-;LEX-40X7623;NUFARTSTKSTD;CONSOMMABLES;CONSOMMABLES;LEXMARK;ACCESSOIRES;;1;BUREAU COMPTA;;0;;;;;;40X7623;;;;;;1;20;;;;
9004447;TONER NOIR MONOBLOC 2200P B2500/20/40;OKI-;OKI-9004447;NUFARTSTKSTD;CONSOMMABLES;CONSOMMABLES;OKI;ENCRES TONERS;;1;AB2;;0;;;;;;252690825;;;;99;118,8;1;20;;;;
02300GS06407;Ruban Zebra 02300GS06407 - Transfert thermique - Ruban 64 mm x 74 m - 12 / Boîte;ZEB-;ZEB-02300GS06407;NUFARTSTKSTD;CONSOMMABLES;CONSOMMABLES;ZEBRA;ENCRES TONERS;;6;AMAZON;;0;;;INGRAM MICRO;V363826;;;;;;22,93;27,516;1;20;Consommables;;;
865408-B21;HPE 500W FS Plat Ht Plg LH Pwr Sply Kit;HEW-;HEW-865408-B21;NUFARTSTKSERIE;MATERIEL;ECRANS;HEWLETT PACKARD;;;1;C1;242,59;242,59;;;;;;;;;;270;324;1;20;;;;
2100307;Volets 120x100 Triptyque BASIC+ VPI tactile;VAN-;VAN-2100307;NUFARTSTKSERIE;MATERIEL;ECRANS;VANERUM;EDUCATION;;2;STOCK AVEC TABLEAU À DROITE;86;172;;;;;;;;;;175;210;1;20;;;;
B2482HS-B5;"iiyama 24"" LED - ProLite B2482HS-B5 1920 x 1080 pixels - 1 ms (gris à gris) - Format large 16/9 - Dalle TN - VGA/DVI/HDMI - Pivot - Noir";IIY-;IIY-B2482HS-B5;NUFARTSTKSERIE;MATERIEL;ECRANS;IIYAMA;;;1;;110,85;110,85;;;;;;;;;;133,29;159,948;1;20;;;;
VA2210-MH;"ViewSonic 21.5"" LED - VA2210-MH 1920 x 1080 pixels - 5 ms - Format large 16/9 - Dalle IPS - HDMI - Noir";VIE-;VIE-VA2210-MH;NUFARTSTKSERIE;MATERIEL;ECRANS;VIEWSONIC;;;1;D5;66,79;66,79;;;;;;;;;;74,96;89,952;1;20;;;;
VA705B;"Ec 17"" Viewsonic VA705B 1280 x 1024 - 280 cd/m_ - 1000:1 - VGA - Noir";VIE-;VIE-VA705B;NUFARTSTKSERIE;MATERIEL;ECRANS;VIEWSONIC;;;1;D0;;0;;;;;;766907433111;;;;;;1;20;;;;
ACTIVBOARD6TOUCH88D;PROMETHEAN - Tableau ABTOUCH non effaçable à sec;PRO-;PRO-ACTIVBOARD6TOUCH88D;NUFARTSTKSERIE;MATERIEL;ECRANS;PROMOTHEAN;EDUCATION;;1;ATELIER;;0;;;;;;ACTBOARD6TCH88D;;;;990;1188;1;20;;;;
5J.J8M10.001;Benq WM04G4 5J.J8M10.001 Wall Projector Mount for Benq Ultra Short Projectors;BEN-;BEN-5J.J8M10.001;NUFARTSTKSERIE;MATERIEL;ECRANS;BENQ;;;1;A0;;0;;;;;;4718755051852;;;;;;1;20;;;;
929593;Ricoh SP 220NW - imprimante - monochrome - laser Aficio / (A4, 23 ppm imprimante, réseau, GDI, Wi-Fi);RIC-;RIC-929593;NUFARTSTKSERIE;MATERIEL;IMPRIMANTES;RICOH;LASER;;1;ÉTAGERE BLANCHE;71,05;71,05;;;;;;4961311913419;;;;98;117,6;1;20;Périphériques;Imprimante / Fax ;;
D4H28B#BHC;HP Officejet 2622 All-in-One - Imprimante multifonctions - couleur - jet d'encre;HEW-;HEW-D4H28B#BHC;NUFARTSTKSERIE;MATERIEL;IMPRIMANTES;HEWLETT PACKARD;MULTIFONCTIONS;;1;ÉTAGÈRE BLANCHE;;0;;;TECH DATA;2972103;;887758561966;;;;61;73,2;1;20;;;;
CB774B;IMPRIMANTE HP Deskjet D5560;HEW-;HEW-CB774B;NUFARTSTKSERIE;MATERIEL;IMPRIMANTES;HEWLETT PACKARD;JET D'ENCRE;;1;C2;;0;;;;;;884962006597;;;;85;102;1;20;;;;
C800322;Epson LQ-2190 Push/Pull Tractor Unit;EPS-;EPS-C800322;NUFARTSTKSERIE;MATERIEL;IMPRIMANTES;EPSON;MATRICIELLE;;1;C4;;0;;;;;;C800322;;;;;;1;20;;;;
C11CC91303;Epson Expression Home XP-415 - Imprimante multifonctions - couleur - jet d'encre;EPS-;EPS-C11CC91303;NUFARTSTKSERIE;MATERIEL;IMPRIMANTES;EPSON;MULTIFONCTIONS;;1;ÉTAGÈRE BLANCHE;;0;;;TECH DATA;2788211;;C11CC91303;;;;83,33;99,996;1;20;Périphériques;;;
IPH6-64GO-NOIR-NF;Iphone 6 64Go Noir - Non fonctionnel;APP-;APP-IPH6-64GO-NOIR-NF;NUFARTSTKSERIE;MATERIEL;IPHONE;APPLE;;;19;BUREAU ÉTAGE;30;570;;;;;;;;;;;;1;20;;;;
021-10597;Microsoft®Office 2019 Sngl Academic OLP 1License NoLevel;MIC-;MIC-021-10597;NUFARTSTKSTD;LOGICIELS;LOGICIELS;MICROSOFT;BUREAUTIQUE;;32;;57,15;1828,8;;;;;;;;;;74,49;89,388;1;20;;;;
WIN7;Windows 7;MIC-;MIC-WIN7;NUFARTSTKSTD;LOGICIELS;LOGICIELS;MICROSOFT;SYSTEME;;68;C2;11;748;;;;;;WIN7;;;;15;18;1;20;;;;
7S050015WW;Microsoft Windows Server 2019 Standard Licence OEM ROK Multilingual;MIC-;MIC-7S050015WW;NUFARTSTKSTD;LOGICIELS;LOGICIELS;MICROSOFT;SYSTEME;;1;;657,61;657,61;;;;;;;;;;802;962,4;1;20;;;;
NB1Z1CSEK;XG 106 rev.1 EnterpriseProtect, 1-year (EU/UK/US power cord);SOP-;SOP-NB1Z1CSEK;NUFARTSTKSTD;LOGICIELS;LOGICIELS;SOPHOS;ANTI VIRUS;;1;;392,8;392,8;;;;;;;;;;623;747,6;1;20;;;;
T5D-03183;Microsoft Office Home and Business 2019;MIC-;MIC-T5D-03183;NUFARTSTKSTD;LOGICIELS;LOGICIELS;MICROSOFT;BUREAUTIQUE;;2;;196;392;;;;;;;;;;254,98;305,976;1;20;;;;
CIRG2GTAA;Central Intercept X - 50-99 USERS - 24 MOS - RENEWAL - GOV [ 24 month(s)];SOP-;SOP-CIRG2GTAA;NUFARTSTKSTD;LOGICIELS;LOGICIELS;SOPHOS;ANTI VIRUS;;10;TÉLÉCHARGEMENT;36,96;369,6;;;;;;;;;;47,78;57,336;1;20;;;;
CIRF2GTAA;Central Intercept X - 25-49 USERS - 24 MOS - RENEWAL - GOV [ 24 month(s)];SOP-;SOP-CIRF2GTAA;NUFARTSTKSTD;LOGICIELS;LOGICIELS;SOPHOS;ANTI VIRUS;;6;TÉLÉCHARGEMENT;39,96;239,76;;;;;;;;;;49,49;59,388;1;20;;;;
T5D-03351;Office Home and Business 2019 French France Only Mdls Save Now P6;MIC-;MIC-T5D-03351;NUFARTSTKSTD;LOGICIELS;LOGICIELS;MICROSOFT;BUREAUTIQUE;;1;;202,18;202,18;;;;;;;;;;299;358,8;1;20;;;;
T5D-02840;Microsoft Office Home and Business 2016 Ensemble de boîtes 1 PC 32/64-bit, sans support, P2 Win français zone euro;MIC-;MIC-T5D-02840;NUFARTSTKSTD;LOGICIELS;LOGICIELS;MICROSOFT;BUREAUTIQUE;;1;C3;187,85;187,85;;;889 842 090 598 889 000 000 000;;;889842090598;;;;232,5;279;1;20;;;;
WIN10;Windows 10;MIC-;MIC-WIN10;NUFARTSTKSTD;LOGICIELS;LOGICIELS;MICROSOFT;SYSTEME;;17;C3;11;187;;;;;;WIN10;;;;49;58,8;1;20;;;;
AH-HM-LIC;HiveManager Classic Perpetual license for one (1) Aerohive Device (AP, Router or Switch). Can only be used with HiveManager NMS Virtual Appliance or High Capacity HiveManager (1U) NMS Appliance.     ;AER-;AER-AH-HM-LIC;NUFARTSTKSTD;LOGICIELS;LOGICIELS;AEROHIVE;RESEAU;;1;D2;178,75;178,75;;;;;;AH-HM-VA   ;;;;275;330;1;20;;;;
165470;Exchange online (Plan 1);MIC-;MIC-165470;NUFARTSTKSTD;LOGICIELS;LOGICIELS;MICROSOFT;MESSAGERIE;;56;;2,84;159,04;;;;;;;;;;5,84;7,008;1;20;;;;
CSAE0GTAA;Central Intercept X Advanced for Server - 10-24 SERVERS - GOV [ 1 Mois];SOP-;SOP-CSAE0GTAA;NUFARTSTKSTD;LOGICIELS;LOGICIELS;SOPHOS;ANTI VIRUS;;18;;5,85;105,3;;;;;;;;;;7,7;9,24;1;20;;;;
CIRG0GTAA;Central Intercept X - 50-99 USERS - 1 MOS EXT - GOV [ 1 month(s)];SOP-;SOP-CIRG0GTAA;NUFARTSTKSTD;LOGICIELS;LOGICIELS;SOPHOS;ANTI VIRUS;;40;TELECHARGEMENT;2,05;82;;;;;;;;;;2,65;3,18;1;20;;;;
ENAMUL-L3;Antivirus ESET NOD32 LIC Pleine TPE/PME 3ans;ESE-;ESE-ENAMUL-L3;NUFARTSTKSTD;LOGICIELS;LOGICIELS;ESET;ANTI VIRUS;;1;TÉLÉCHARGEMENT;40,6;40,6;;;;;;;;;;90;108;1;20;;;;
ENAMUL-R3;ESET NOD32 Antivirus multiposte TPE PME - Renouvellement 3 ans;ESE-;ESE-ENAMUL-R3;NUFARTSTKSTD;LOGICIELS;LOGICIELS;ESET;ANTI VIRUS;;1;;18,43;18,43;;;;;;;;;;70;84;1;20;;;;
701607-A21;Microsoft Windows Server 2012 - Licence - 5 licences d'accès client périphérique;MIC-;MIC-701607-A21;NUFARTSTKSTD;LOGICIELS;LOGICIELS;MICROSOFT;SYSTEME;;3;K2;;0;;;TECH DATA;2576246;;4948382958037;;;;110;132;1;20;Logiciels;;;
S7129ZM/A;"AppleCare Protection Plan for MB 12""/MB Air/MBP 13""";APP-;APP-S7129ZM/A;NUFARTSTKSTD;LOGICIELS;MAINTENANCE CONSTRUCTEUR;APPLE;EXTENSION DE GARANTIE;;-1;;131,04;0;;;;;;;;;;207,5;249;1;20;;;;
S6120ZM/A;APPLECARE+ FOR MAC MINI;APP-;APP-S6120ZM/A;NUFARTSTKSTD;LOGICIELS;MAINTENANCE CONSTRUCTEUR;APPLE;EXTENSION DE GARANTIE;;-1;;119;0;;;;;;;;;;99,16;118,992;1;20;;;;
ACX13-006966NB;ASUS Care Contrat de maintenance prolongépièces et main d'oeuvre  3 années sur site J+1;ASU-;ASU-ACX13-006966NB;NUFARTSTKSTD;PRESTATION EXTERNE;MAINTENANCE CONSTRUCTEUR;ASUS;EXTENSION DE GARANTIE;;-2;;80,1;0;;;;;;;;;;107,5;129;1;20;;;;
DS218J;Synology DiskStation DS218j;SYN-;SYN-DS218J;NUFARTSTKSERIE;MATERIEL;PERIPHERIQUES;SYNOLOGY;DD RAID;;1;;151;151;;;;;;;;;;149,96;179,952;1;20;;;;
STFR2000403;LaCie Rugged Secure USB-C (2 To) Disque dur externe antichoc 2.5'' sur ports USB 3.0 type-C / Thunderbolt 3 (garantie constructeur 2 ans);LAC-;LAC-STFR2000403;NUFARTSTKSERIE;MATERIEL;PERIPHERIQUES;LACIE;DD NOMADE;;1;;116,91;116,91;;;;;;;;;;141,62;169,944;1;20;;;;
BX500CI;Back-UPS 500VA AVR IEC outlets line interactive;APC-;APC-BX500CI;NUFARTSTKSERIE;MATERIEL;PERIPHERIQUES;APC;ONDULEURS;;1;C1;46,77;46,77;;;;;;;;;;109;130,8;1;20;;;;
CDEXTERNE1;Lecteur CD DVD Graveur Externe, USB 3.0 Ultra Slim Portable Graveur de CD-RW DVD-RW pour Notebook / Desktops Windows 2003/Vista/XP/7/8.1/10/Linux /Mac OS;GEN-;GEN-CDEXTERNE1;NUFARTSTKSERIE;MATERIEL;PERIPHERIQUES;GENERIQUE;GRAVEURS;;1;D3;17,49;17,49;;;;;;X000QTI5VT;;;;29;34,8;1;20;;;;
VS-2004L;NAS QNAP VS-2004L;QNA-;QNA-VS-2004L;NUFARTSTKSERIE;MATERIEL;PERIPHERIQUES;QNAP;DD RAID;;2;E2;;0;;;;VS-2004L;;VS-2004L;;;;320;384;1;20;;;;
SNP-3120VHP;E9K - SAMSUNG SNP-3120VHP PTZ DOME CCTV CAMERA H.264 600TVL IP POE NETWORK CAT5;SAM-;SAM-SNP-3120VHP;NUFARTSTKSERIE;MATERIEL;PERIPHERIQUES;SAMSUNG;VIDEO;;1;E2;;0;;;;;;SNP-3120VHP;;;;1325;1590;1;20;;;;
SNP-3120VHN;"4CIF 12x Network PTZ Dome Camera; 811(H) X 508(V) Pixels; IP66 Rated Ingress Pro";SAM-;SAM-SNP-3120VHN;NUFARTSTKSERIE;MATERIEL;PERIPHERIQUES;SAMSUNG;VIDEO;;1;E3;;0;;;;;;SNP-3120VHN;;;;1325;1590;1;20;;;;
SBB-D32CX2EN;Set Back Box 32 Go Samsung SBB-D32CX2 Dual Core;SAM-;SAM-SBB-D32CX2EN;NUFARTSTKSERIE;MATERIEL;PERIPHERIQUES;SAMSUNG;VIDEO;;1;C4;;0;;;C2M-INTELWARE;SBB-D32CX2EN;;SBB-D32CX2EN;;;;700;840;1;20;;;;
Q3841A;SCANNER HP SCANJET 2400;HEW-;HEW-Q3841A;NUFARTSTKSERIE;MATERIEL;PERIPHERIQUES;HEWLETT PACKARD;SCANNERS;;1;ÉTAGERE BLANCHE;;0;;;;;;Q3841A;;;;;;1;20;;;;
DVRH264;Digital Video Recorder H264;GEN-;GEN-DVRH264;NUFARTSTKSERIE;MATERIEL;PERIPHERIQUES;GENERIQUE;VIDEO;;1;E1;;0;;;;DVRH264;;DVRH264;;;;170;204;1;20;;;;
DS-2CD752MF-FB;Camera dome Hikvision;HIK-;HIK-DS-2CD752MF-FB;NUFARTSTKSERIE;MATERIEL;PERIPHERIQUES;HIKVISION;VIDEO;;1;D3;;0;;;;DS-2CD752MF-FB;;DS-2CD752MF-FB;;;;1000;1200;1;20;;;;
DCCDC;Digital CCD Camera;GEN-;GEN-DCCDC;NUFARTSTKSERIE;MATERIEL;PERIPHERIQUES;GENERIQUE;VIDEO;;2;C4;;0;;;;DCCDC;;DCCDC;;;;150;180;1;20;;;;
B11B193012;Scanner Epson V30;EPS-;EPS-B11B193012;NUFARTSTKSERIE;MATERIEL;PERIPHERIQUES;EPSON;SCANNERS;;1;C0;;0;;;;;;B11B193012;;;;50;60;1;20;;;;
AST-NC3603M2;Camera AAsset;AAS-;AAS-AST-NC3603M2;NUFARTSTKSERIE;MATERIEL;PERIPHERIQUES;AASSET;VIDEO;;1;E3;;0;;;AASSET SECURITY;AST-NC3603M2;;AST-NC3603M2;;;;500;600;1;20;;;;
960-001063;Logitech HD Webcam C270 - Webcam;LOG-;LOG-960-001063;NUFARTSTKSERIE;MATERIEL;PERIPHERIQUES;LOGITECH;VIDEO;;-1;;22,8;0;;;;;;;;;;27,99;33,588;1;20;;;;
960-001055;LOGITECH HD PRO WEBCAM C920 REFRESH Webcam Full HD 1080p avec deux microphones intégrés;LOG-;LOG-960-001055;NUFARTSTKSERIE;MATERIEL;PERIPHERIQUES;LOGITECH;VIDEO;;-1;;55,311;0;;;;;;;;;;83,29;99,948;1;20;;;;
3S550FR;Eaton 3S - Onduleur - 330 Watt - 550 VA 5 Ah - connecteurs de sortie : 6 - France - noir;EAT-;EAT-3S550FR;NUFARTSTKSERIE;MATERIEL;PERIPHERIQUES;EATON;ONDULEURS;;-1;J1;53,45;0;;;;;;P004H36EAV;;;;114,26;137,112;1;20;;;;
20-01165-20;Smart Document Camera SDC-330;SMA-;SMA-20-01165-20;NUFARTSTKSERIE;MATERIEL;PERIPHERIQUES;SMART TECHNOLOGIE;CAMERA;;1;C0;;0;;;;20-01165-20;;20-01165-20;;;;950;1140;1;20;;;;
9VZ37EA-D41;"HP ProBook 440 G7 Core i5 10210U / 1.6 GHz - 8 Go RAM - 256 Go SSD NVMe 14"" IPS 1920 x 1080 (Full HD) - UHD Graphics 620  Wi-Fi, Bluetooth - clavier : Français Win 10 Pro 64 bits";HEW-;HEW-9VZ37EA-D41;NUFARTSTKSERIE;MATERIEL;PORTABLES WINDOWS;HEWLETT PACKARD;;;100;;577;57700;;;;;;;;;;719;862,8;1;20;;;;
9VZ31EA#ABF;"HP ProBook 450 G7 Core i3 10110U / 2.1 GHz Win 10 Pro 64 bits 8 Go RAM 256 Go SSD NVMe 15.6"" 1366 x 768 (HD) UHD Graphics 620 Bluetooth, Wi-Fi argent de brochet";HEW-;HEW-9VZ31EA#ABF;NUFARTSTKSERIE;MATERIEL;PORTABLES WINDOWS;HEWLETT PACKARD;;;1;;605,97;605,97;;;;;;;;;;708,29;849,948;1;20;;;;
A1PYS20E111Y;"TOSHIBA / DYNABOOK SATELLITE PRO C50-E-10C Intel Core i3-8130U 8 Go SSD 256 Go 15.6"" LED Full HD Wi-Fi AC/Bluetooth Webcam Windows 10 Professionnel 64 bits";TOS-;TOS-A1PYS20E111Y;NUFARTSTKSERIE;MATERIEL;PORTABLES WINDOWS;TOSHIBA;;;1;;456,186;456,19;;;;;;;;;;541,62;649,944;1;20;;;;
90NB0QU3-M00560;"ASUS P1504JA-BR048R Intel Core i3-1005G1 4 Go SSD 256 Go 15.6"" LED HD Wi-Fi AC/Bluetooth Webcam Windows 10 Professionnel 64 bits";ASU-;ASU-90NB0QU3-M00560;NUFARTSTKSERIE;MATERIEL;PORTABLES WINDOWS;ASUS;;;1;;447,04;447,04;;;;;;;;;;499,96;599,952;1;20;;;;
2061404;Plastron 45x45 HDMI 1.4 F-M - AWG28 - 5m;NEK-;NEK-2061404;NUFARTSTKSTD;MATERIEL;RESEAU;NEKLAN;ACCESSOIRES;;47;L3;16,41;771,27;;;NEKLAN;;;3662247180920;;;;19;22,8;1;20;Audio/Vidéo/Image;Audio Professionnel;;
SF350-24P-K9-EU;Cisco SF350-24P Switch Fast Ethernet manageable Small Business 24 ports 10/100 PoE+ 2 ports combo Gigabit Ethernet / SFP 2 SFP;CIS-;CIS-SF350-24P-K9-EU;NUFARTSTKSERIE;MATERIEL;RESEAU;CISCO;SWITCH;;2;;297,63;595,26;;;;;;;;;;358,29;429,948;1;20;;;;
9951017;Boitier saillie alu 45x45 – 3 box 45x45 (185x70x60 mm);RES-;RES-9951017;NUFARTSTKSTD;MATERIEL;RESEAU;GENERIQUE;ACCESSOIRES;;24;L3;22,28;534,72;;;;;;3662247189725;;;;29;34,8;1;20;;;;
SG220-50P-K9-EU;Switch Smart Plus Gigabit 48 ports PoE + 2 ports combo SFP;CIS-;CIS-SG220-50P-K9-EU;NUFARTSTKSERIE;MATERIEL;RESEAU;CISCO;SWITCH;;1;D2;522,9;522,9;;;;;;810354024771;;;;641,63;769,956;1;20;;;;
UB-AMO5G13;Antenne omnidirectionnelle 13dBi 2x2N 5Ghz;UBI-;UBI-UB-AMO5G13;NUFARTSTKSERIE;MATERIEL;RESEAU;UBIQUITI;WIFI;;2;A2;151,79;303,58;;;;;;UB-AMO5G13;;;;189,73;227,676;1;20;;;;
ANTRAD9;Antenne radio 9dbi;ANT-;ANT-ANTRAD9;NUFARTSTKSERIE;MATERIEL;RESEAU;ANTRAD;WIFI;;2;A2;150;300;;;;ANTRAD9;;ANTRAD9;;;;600;720;1;20;;;;
J9983A;Switch 24 ports 10/100/1000 PoE+ (dont 12 ports compatibles PoE/PoE+, et 2 ports SFP 100/1000);HEW-;HEW-J9983A;NUFARTSTKSERIE;MATERIEL;RESEAU;HEWLETT PACKARD;SWITCH;;1;;228,93;228,93;;;;;;;;;;291,63;349,956;1;20;;;;
UB-US24;Unifi Switch 24 Giga + 2 SFP;UBI-;UBI-UB-US24;NUFARTSTKSERIE;MATERIEL;RESEAU;UBIQUITI;SWITCH;;1;D2;200,52;200,52;;;;;;810354024771;;;;250,01;300,012;1;20;;;;
85531;Câble réseau SC multi-mode (M) pour LC multi-mode (M) 1 m fibre optique 50 / 125 microns;CAB-;CAB-85531;NUFARTSTKSTD;MATERIEL;RESEAU;GENERIQUE;ACCESSOIRES;;12;;16,05;192,6;;;;;;;;;;21;25,2;1;20;;;;
FTP6-300LS;Bobine de Câble RJ45 FTP CAT6 - 300 Mètres Monobrin LSZH 4 paires torsadées pour câblage des locaux uniquement;CAB-;CAB-FTP6-300LS;NUFARTSTKSTD;MATERIEL;RESEAU;GENERIQUE;ACCESSOIRES;;1;;179,82;179,82;;;;;;;;;;224,77;269,724;1;20;;;;
JL381A;Commutateur Ethernet HP OfficeConnect 1920S 24G 2SFP 24 Ports Gérable - 24 x Gigabit Ethernet Réseau, 2 x Gigabit Ethernet Uplink - Modulaire - Paire torsadée, Fibre Optique - 3 Couche supportée - 1U Haut - Montable en rack;HEW-;HEW-JL381A;NUFARTSTKSERIE;MATERIEL;RESEAU;HEWLETT PACKARD;SWITCH;;1;C1;171,91;171,91;;;;;;190017137407;;;;409;490,8;1;20;;;;
NETWORK-MS;Network Card-MS CARTE SNMP/WEB;EAT-;EAT-NETWORK-MS;NUFARTSTKSTD;MATERIEL;RESEAU;EATON;ACCESSOIRES;;1;D4;150,35;150,35;;;;;;743172038111;;;;376,22;451,464;1;20;;;;
US-8-150W;UBIQUITI UNIFI SWITCH 8 150W (US-8-150W) Switch Gigabit 8 ports 10/100/1000 Mbps PoE+ et 2 ports SFP;UBI-;UBI-US-8-150W;NUFARTSTKSERIE;MATERIEL;RESEAU;UBIQUITI;SWITCH;;1;D2;130;130;;;;;;810354024467;;;;191,63;229,956;1;20;;;;
SCHNSYSFP300;ENS. FIX POTEAU -PLM43;SCH-;SCH-SCHNSYSFP300;NUFARTSTKSTD;MATERIEL;RESEAU;SCHNEIDER;ACCESSOIRES;;1;C4;114,204;114,2;;;;;;3606480192500;;;;159;190,8;1;20;;;;
SCHNSYPLM43G;COF.IP66POL430X330X200PL.;SCH-;SCH-SCHNSYPLM43G;NUFARTSTKSTD;MATERIEL;RESEAU;SCHNEIDER;ACCESSOIRES;;1;D5;108,437;108,44;;;;;;3606480776519;;;;159;190,8;1;20;;;;
407-BBOS;"Dell Module transmetteur SFP (mini-GBIC) GigE 1000Base-T pour EMC Networking N3132; EMC PowerEdge R440, R540, R740, R940, T440, T640; Networking S6010";DEL-;DEL-407-BBOS;NUFARTSTKSTD;MATERIEL;RESEAU;DELL;ACCESSOIRES;;1;;82,69;82,69;;;;;;;;;;95;114;1;20;;;;
TL-SG1016DE;TP-LINK 16-Port Gigabit Easy Smart Switch;TPL-;TPL-TL-SG1016DE;NUFARTSTKSERIE;MATERIEL;RESEAU;TP LINK;SWITCH;;1;;72,09;72,09;;;;;;;;;;99;118,8;1;20;;;;
ZY-VMG1312-B10A;Modem routeur VDSL2& ADSL2 Wifi N;ZYX-;ZYX-ZY-VMG1312-B10A;NUFARTSTKSERIE;MATERIEL;RESEAU;ZYXEL;ROUTEUR;;1;D3;68,31;68,31;;;;;;4718937566341;;;;98,6;118,32;1;20;;;;
UB-POE24-24G;Injecteur PoE passif Ubiquiti 24V 24W Giga;UBI-;UBI-UB-POE24-24G;NUFARTSTKSTD;MATERIEL;RESEAU;UBIQUITI;ACCESSOIRES;;3;D1;16;48;;;;;;810354023538;;;;22,9;27,48;1;20;;;;
EX6130-100FRS;Répéteur Universel Wifi AC1200 Dual Band EX6130;NET-;NET-EX6130-100FRS;NUFARTSTKSTD;MATERIEL;RESEAU;NETGEAR;ACCESSOIRES;;1;D3;47,86;47,86;;;;;;606449114331;;;;79;94,8;1;20;;;;
POE-48-24W;UBIQUITI POE-48-24W Injecteur PoE 48VDC 24W;UBI-;UBI-POE-48-24W;NUFARTSTKSTD;MATERIEL;RESEAU;UBIQUITI;ACCESSOIRES;;5;;9,28;46,4;;;;;;;;;;12,46;14,952;1;20;;;;
LGS108-EU;Switch Gigabit 8 ports Linksys LGS108;LIN-;LIN-LGS108-EU;NUFARTSTKSERIE;MATERIEL;RESEAU;LINKSYS;SWITCH;;2;;21,86;43,72;;;TECH DATA;2927790;;;;;;28,29;33,948;1;20;Réseaux;;;
LGS116-EU;Switch Gigabit 16 ports LINKSYS LGS116;LIN-;LIN-LGS116-EU;NUFARTSTKSERIE;MATERIEL;RESEAU;LINKSYS;SWITCH;;1;;43;43;;;;;;;;;;58,29;69,948;1;20;;;;
POE-24-12W-G;UBIQUITI POE-24-12W-G Injecteur PoE 24 V 12W avec port LAN Gigabit;UBI-;UBI-POE-24-12W-G;NUFARTSTKSTD;MATERIEL;RESEAU;UBIQUITI;ACCESSOIRES;;3;D2;9,485;28,46;;;;;;810354023002;;;;15,59;18,708;1;20;;;;
2051027;Plastron 45x45 HD15 F / M + Jack 3.5 stéréo F / M - AWG28 - 5 m;GEN-;GEN-2051027;NUFARTSTKSTD;MATERIEL;RESEAU;GENERIQUE;ACCESSOIRES;;1;L3;18,03;18,03;;;NEKLAN;;;3662247122043;;;;25,66;30,792;1;20;Câbles Audio / Vidéo ;;;
2050572;Plastron 45x45 HD15 F vers câble HD15 M - AWG28 - 5 m;GEN-;GEN-2050572;NUFARTSTKSTD;MATERIEL;RESEAU;GENERIQUE;ACCESSOIRES;;1;L5;17,68;17,68;;;;;;3662247121688;;;;23,45;28,14;1;20;;;;
LC001;Sweex LAN PC Card 10/100 Mbps - Adaptateur réseau - PCI - 10/100 Ethernet;SWE-;SWE-LC001;NUFARTSTKSTD;MATERIEL;RESEAU;SWEEX;ACCESSOIRES;;2;AMAZON;3,67;7,34;;;TECH DATA;LC001;;;;;;6,95;8,34;1;20;;;;
2061418;Plastron 45x45 Audio Jack 3,5mm F/F - AWG28 - 0,20m;GEN-;GEN-2061418;NUFARTSTKSTD;MATERIEL;RESEAU;GENERIQUE;ACCESSOIRES;;1;A3;4,06;4,06;;;;;;3662247180937;;;;9;10,8;1;20;;;;
SPA112;Cisco Small Business SPA112 - Adaptateur de téléphone VoIP;CIS-;CIS-SPA112;NUFARTSTKSTD;MATERIEL;RESEAU;CISCO;ACCESSOIRES;;1;L2;;0;;;;;;882658434167;;;;45,833;55;1;20;;;;
S07XXX00/M;Jarretière fibre optique 12 ports;GEN-;GEN-S07XXX00/M;NUFARTSTKSTD;MATERIEL;RESEAU;GENERIQUE;ACCESSOIRES;;1;L2;;0;;;;S07XXX00/M;;S07XXX00-;;;;200;240;1;20;;;;
RKS1314;Synology RKS1314 - Kit de rails pour rack;SYN-;SYN-RKS1314;NUFARTSTKSTD;MATERIEL;RESEAU;SYNOLOGY;ACCESSOIRES;;1;L2;;0;;;TECH DATA;2837028;;RKS1314;;;;60;72;1;20;;;;
NGC2001/2;PANNEAU NU 1U 19 24 RJ45 BLINDE;NGC-;NGC-NGC2001/2;NUFARTSTKSTD;MATERIEL;RESEAU;NGC;ACCESSOIRES;;13;L2;;0;;;;;;NGC2001/2;;;;28;33,6;1;20;;;;
NGC1553;NGC NGC1553 Module 45 x 45 2 prises;NGC-;NGC-NGC1553;NUFARTSTKSTD;MATERIEL;RESEAU;NGC;ACCESSOIRES;;1;K2;;0;;;;;;NGC1553;;;;;;1;20;;;;
NA-U70;NETASQ NA-U70;NET-;NET-NA-U70;NUFARTSTKSERIE;MATERIEL;RESEAU;NETASQ;FIREWALL;;1;C2;;0;;;;;;U70XXA4M1156110;;;;;;1;20;;;;
MQPC8888M/5;Plastron DVI / 5m;GEN-;GEN-MQPC8888M/5;NUFARTSTKSTD;MATERIEL;RESEAU;GENERIQUE;ACCESSOIRES;;5;K5;;0;;;;MQPC8888M/5;;MQPC8888M/5;;;;20;24;1;20;;;;
MQPC7007F;Plastron USB Femelle 0,15m;GEN-;GEN-MQPC7007F;NUFARTSTKSTD;MATERIEL;RESEAU;GENERIQUE;ACCESSOIRES;;35;K3;;0;;;D3C;MQPC7007F;;MQPC7007F;;;;11,74;14,088;1;20;Accessoires;;;
KX-TDA0288CE;Panasonic KX-TDA0288 BRI module de réseaux voies - modules de réseaux voies;PAN-;PAN-KX-TDA0288CE;NUFARTSTKSTD;MATERIEL;RESEAU;PANASONIC;ACCESSOIRES;;1;K1;;0;;;;;;5025232197293;;;;620,217;744,26;1;20;;;;
KX-NCP1290CE;Panasonic KX-NCP1290 Noir, Vert serveur de communication IP - serveurs de communication IP (Noir, Vert);PAN-;PAN-KX-NCP1290CE;NUFARTSTKSTD;MATERIEL;RESEAU;PANASONIC;ACCESSOIRES;;1;K1;;0;;;;;;KX-NCP1290CE;;;;276,075;331,29;1;20;;;;
KX-NCP1171NE;Panasonic Cartes 8 Postes numériques . NCP500/1000 = Max2;PAN-;PAN-KX-NCP1171NE;NUFARTSTKSTD;MATERIEL;RESEAU;PANASONIC;ACCESSOIRES;;1;K1;;0;;;;;;5025232463701;;;;234,925;281,91;1;20;;;;
KX-NCP1170NE;CARTE PANASONIC KX-NCP1170NE DHLC4;PAN-;PAN-KX-NCP1170NE;NUFARTSTKSTD;MATERIEL;RESEAU;PANASONIC;ACCESSOIRES;;1;K1;;0;;;;;;5025232463695;;;;160,625;192,75;1;20;;;;
KX-NCP1104X;CARTE DSP 4 VOIES TELEPHONIE VOIP;PAN-;PAN-KX-NCP1104X;NUFARTSTKSTD;MATERIEL;RESEAU;PANASONIC;ACCESSOIRES;;1;K1;;0;;;;;;5025232487240;;;;300;360;1;20;;;;
JD377A/2;HP 5500-24G EI Switch - Commutateur - C4 - Géré - 24 x 10/100/1000;HEW-;HEW-JD377A/2;NUFARTSTKSERIE;MATERIEL;RESEAU;HEWLETT PACKARD;SWITCH;;2;C1;;0;;;TECH DATA;1991907;;JD377A/2;;;;3579;4294,8;1;20;;;;
JARFOSM;Jarretière FO simplex;CAB-;CAB-JARFOSM;NUFARTSTKSTD;MATERIEL;RESEAU;GENERIQUE;ACCESSOIRES;;25;K2;;0;;;;;;;;;;;;1;20;;;;
JARFOMM;Jarretière FO multimode;CAB-;CAB-JARFOMM;NUFARTSTKSTD;MATERIEL;RESEAU;GENERIQUE;ACCESSOIRES;;1;K2;;0;;;;JARFOMM;;JARFOMM;;;;25;30;1;20;;;;
DEM-311GT/2;D-Link DEM 311GT;DLI-;DLI-DEM-311GT/2;NUFARTSTKSTD;MATERIEL;RESEAU;DLINK;ACCESSOIRES;;4;C2;;0;;;;;;DEM-311GT/2;;;;155;186;1;20;;;;
AP170;Borne Aerohive AP170;AER-;AER-AP170;NUFARTSTKSERIE;MATERIEL;RESEAU;AEROHIVE;WIFI;;4;D2;;0;;;;;;E01C4171D700;;;;;;1;20;;;;
AG711T;Switch Ethernet Netgear AG711T;NET-;NET-AG711T;NUFARTSTKSERIE;MATERIEL;RESEAU;NETGEAR;SWITCH;;1;L2;;0;;;;;;AG711T;;;;;;1;20;;;;
858170;Antenne RLAN;GEN-;GEN-858170;NUFARTSTKSTD;MATERIEL;RESEAU;GENERIQUE;ACCESSOIRES;;1;A2;;0;;;;858170;;858170;;;;1500;1800;1;20;;;;
7Y48A02DEA;Serveur  Lenovo ThinkSystem ST50 7Y48 Tour  4U 1 voie Xeon E-2126G / 3.3 GHz RAM 16 Go HDD 2 x 2 To UHD Graphics P630;LEN-;LEN-7Y48A02DEA;NUFARTSTKSERIE;MATERIEL;SERVEUR;LENOVO;;;1;;696,94;696,94;;;;;;;;;;1417;1700,4;1;20;;;;
873230-425;SERVEUR HPE ProLiant ML30 Gen9 E3-1220v6 8 Go-U de RAM B140 disque dur 1 To;HEW-;HEW-873230-425;NUFARTSTKSERIE;MATERIEL;SERVEUR;HEWLETT PACKARD;;;1;;597,92;597,92;;;;;;4549821088454;;;;935;1122;1;20;;;;
SM-G973FZWDXEF;Samsung Galaxy S10 - blanc prisme - 4G - 128 Go - TD-SCDMA / UMTS / GSM - smartphone;SAM-;SAM-SM-G973FZWDXEF;NUFARTSTKSERIE;MATERIEL;SMARTPHONE;SAMSUNG;;;1;BOUTIQUE LDLC;765,71;765,71;;;;;;;;;;832,5;999;1;20;;;;
REDMINOTE964W;"XIAOMI REDMI NOTE 9 BLANC (3 GO / 64 GO) Smartphone 4G-LTE Advanced Dual SIM - Helio G85 Octo-Core 2.0 GHz - RAM 3 Go - Ecran tactile 6.53"" 1080 x 2340 - 64 Go - NFC/Bluetooth 5.0 - 5020 mAh - Android 10";XIA-;XIA-REDMINOTE964W;NUFARTSTKSERIE;MATERIEL;SMARTPHONE;XIAOMI;;;1;;164,48;164,48;;;;;;;;;;166,63;199,956;1;20;;;;
61U8D00000AD;Barre de son Aver VB342 avec caméra 4K;AVE-;AVE-61U8D00000AD;NUFARTSTKSTD;MATERIEL;SON;AVER;ENCEINTES;;1;SHOWROOM;727;727;;;;;;;;;;990;1188;1;20;;;;
981-000475;Logitech USB Headset H340 - micro-casque;LOG-;LOG-981-000475;NUFARTSTKSTD;MATERIEL;SON;LOGITECH;CASQUES;;10;;21,26;212,6;;;;;;;;;;43,94;52,728;1;20;;;;
7510-209;JABRA SPEAK 510 UC;JAB-;JAB-7510-209;NUFARTSTKSTD;MATERIEL;SON;JABRA;CASQUES;;5;;40,876;204,38;;;;;;;;;;99,96;119,952;1;20;;;;
B000MGTVQ6;GN Netcom GN 2000 Mono Omni Micro-casque filaire;JAB-;JAB-B000MGTVQ6;NUFARTSTKSTD;MATERIEL;SON;JABRA;CASQUES;;1;L1;76,12;76,12;;;;;;5706991003086;;;;91,34;109,608;1;20;;;;
981-000100;OEM/PC Stereo Headset 960 USB Casque ( semi-ouvert );LOG-;LOG-981-000100;NUFARTSTKSTD;MATERIEL;SON;LOGITECH;CASQUES;;1;B3;16,26;16,26;;;TECH DATA;1497866;;5099206008441;;;;20,86;25,032;1;20;Audio/Vidéo;Audio Grand Public;;
SPS-A030A;Enceinte universelle pour TNI;ABT-;ABT-SPS-A030A;NUFARTSTKSTD;MATERIEL;SON;ABTUS;ENCEINTES;;6;B0;;0;;;;;;SPS-A030A;;;;;;1;20;;;;
MP-5000;Amplificateur Mc Crypt MP 5000;MCC-;MCC-MP-5000;NUFARTSTKSTD;MATERIEL;SON;MC CRYPT;;;1;L4;;0;;;CONRAD;312523-62;;;;;;115,83;138,996;1;20;Accessoires;;;
MP-2000;Amplificateur Mc Crypt MP 2000;MCC-;MCC-MP-2000;NUFARTSTKSTD;MATERIEL;SON;MC CRYPT;;;1;L4;;0;;;CONRAD;312523-62;;;;;;80;96;1;20;Accessoires;;;
GN2100;Jabra GN 2100 Micro-Boom 3-in-1 - Casque;JAB-;JAB-GN2100;NUFARTSTKSTD;MATERIEL;SON;JABRA;CASQUES;;1;B3;;0;;;;;;5706991000603;;;;;;1;20;;;;
20M3000DFR;"Lenovo Miix 520-12IKB 20M3 Tablette avec clavier détachable Core i5 8250U / 1.6 GHz Win 10 Pro 64 bits 8 Go RAM 256 Go SSD NVMe 12.2"" IPS écran tactile 1920 x 1200 UHD Graphics 620 Wi-Fi, Bluetooth gris de fer Poids Brut: 1,89 Kg";LEN-;LEN-20M3000DFR;NUFARTSTKSERIE;MATERIEL;TABLETTE;LENOVO;TABLETTE;;10;;874,18;8741,8;;;;;;;;;;1199;1438,8;1;20;;;;
SQOOL-TAB- SPARE?2/16;Tablette de remplacement utilisable en cas de casse, vol ou dysfonctionnement d'une tablette du parc - Modèle Android 2 GO / 16 GO;GEN-;GEN-SQOOL-TAB- SPARE?2/16;NUFARTSTKSERIE;MATERIEL;TABLETTE;GENERIQUE;TABLETTE;;22;SPARE CD41;284,2;6252,4;;;;;;;;;;356,25;427,5;1;20;;;;
LQ6-00003;"Microsoft Surface Pro 6 Tablette Core i5 8350U / 1.7 GHz Win 10 Pro 8 Go RAM 256 Go SSD NVMe 12.3"" écran tactile 2736 x 1824 UHD Graphics 620 Wi-Fi, Bluetooth platine";MIC-;MIC-LQ6-00003;NUFARTSTKSERIE;MATERIEL;TABLETTE;MICROSOFT;TABLETTE;;1;;876,07;876,07;;;;;;;;;;1138,44;1366,128;1;20;;;;
FMN-00004;Clavier Rétro éclairé. Compatible Surface Pro 3, Surface Pro 4, Surface Pro 2017. M1725 année 2017;MIC-;MIC-FMN-00004;NUFARTSTKSERIE;MATERIEL;TABLETTE;MICROSOFT;;;1;;93,49;93,49;;;;;;;;;;115,79;138,948;1;20;;;;
SL400H;GIGASET SL400H - Argent (Bluetooth);SIE-;SIE-SL400H;NUFARTSTKSERIE;MATERIEL;TELEPHONE;SIEMENS;;;2;D4;59,78;119,56;;;;;;;;;;99;118,8;1;20;;;;
L30250-F600-C150;OpenStage 20 - IP (HFA);SIE-;SIE-L30250-F600-C150;NUFARTSTKSERIE;MATERIEL;TELEPHONE;SIEMENS;;;1;K1;;0;;;;;;L30250-F600-C150;;;;180;216;1;20;;;;
KX-TC275CE;Panasonic KX-TCA275CE Téléphone numérique sans fil DECT\GAP anthracite, titane;PAN-;PAN-KX-TC275CE;NUFARTSTKSERIE;MATERIEL;TELEPHONE;PANASONIC;;;1;K1;;0;;;;;;5025232463572;;;;;;1;20;;;;
105330;"Sac à dos pour ordinateur portable (jusqu'à 15.6"") et tablette PORT DESIGNS PORTLAND BACKPACK";POR-;POR-105330;NUFARTSTKSTD;TEXTILE;TEXTILE;PORT;SACS;;47;;11,99;563,53;;;;;;;;;;24,96;29,952;1;20;;;;
IPADCASE360NOIRAIR2;Housse Intégrale Générique 360° iPad Air 2 Noire;GEN-;GEN-IPADCASE360NOIRAIR2;NUFARTSTKSTD;TEXTILE;TEXTILE;GENERIQUE;POCHETTES;;60;F2;6,15;369;;;ALIEXPRESS;IPADCASE360NOIRAIR;;IPADCASE360NOIRAIR2;;;;33,33;39,996;1;20;;;;
TKOOFN;Etui renforcé iPad air 2 spécial éducation;TKO-;TKO-TKOOFN;NUFARTSTKSTD;TEXTILE;TEXTILE;TKOOFN;POCHETTES;;15;E1;8,47;127,05;;;;;;TKOOFN;;;;19;22,8;1;20;;;;
IPADCASE360NOIRAIR;Housse Intégrale Générique 360° iPad Air Noire;GEN-;GEN-IPADCASE360NOIRAIR;NUFARTSTKSTD;TEXTILE;TEXTILE;GENERIQUE;POCHETTES;;24;E2;3,303;79,27;;;ALIEXPRESS;IPADCASE360NOIRAIR;;IPAD360NOIRAIR;;;;33,33;39,996;1;20;;;;
GX40P57134;"Lenovo Ultra Slim Housse d'ordinateur portable 12""";LEN-;LEN-GX40P57134;NUFARTSTKSTD;TEXTILE;TEXTILE;LENOVO;HOUSSES;;10;;7,9;79;;;;;;;;;;10;12;1;20;;;;
B00Z8TGZXO;Coque en Silicone pour Samsung Galaxy Tab A 9.7 - X-Style noir - Cover PhoneNatic Cubierta + films de protection;SAM-;SAM-B00Z8TGZXO;NUFARTSTKSTD;TEXTILE;TEXTILE;SAMSUNG;POCHETTES;;11;E1;6,557;72,13;;;;;;B00Z8TGZXO;;;;9,98;11,976;1;20;;;;
IPADCASEMINI360;Housse Intégrale Générique 360° iPad Mini Noire;GEN-;GEN-IPADCASEMINI360;NUFARTSTKSTD;TEXTILE;TEXTILE;GENERIQUE;POCHETTES;;13;E1;5;65;;;;;;IPADCASEMINI360;;;;29;34,8;1;20;;;;
FLIPCASEIPH8;Flip case for iphone 8, black;GEN-;GEN-FLIPCASEIPH8;NUFARTSTKSTD;TEXTILE;TEXTILE;GENERIQUE;POCHETTES;;6;E1;9,46;56,76;;;;;;FLIPCASEIPH8;;;;19;22,8;1;20;;;;
K0B38AA#ABB;"HP Essential Top Load 15.6"" Sacoche pour ordinateur portable";HEW-;HEW-K0B38AA#ABB;NUFARTSTKSTD;TEXTILE;TEXTILE;HEWLETT PACKARD;SACS;;1;;19,8;19,8;;;;;;;;;;21,68;26,016;1;20;;;;
PC-08361417;ProCase Étui de Protection pour Microsoft Surface Pro 7/Pro 6/ Pro 2017 /Pro 4/ Pro LTE, Coque Housse Mince avec Porte-Stylet Intégré pour Surface Pro 6/ Pro 2017 /Pro 4/ Pro LTE –Noir;PRO-;PRO-PC-08361417;NUFARTSTKSTD;TEXTILE;TEXTILE;PROCASE;POCHETTES;;1;;15,99;15,99;;;;;;;;;;29;34,8;1;20;;;;
LAPS-113K;"Housse pour ordinateur portable (jusqu'à 13.3"")";CAS-;CAS-LAPS-113K;NUFARTSTKSTD;TEXTILE;TEXTILE;CASE LOGIC;HOUSSES;;1;;9;9;;;;;;;;;;16,62;19,944;1;20;;;;
AVB06UF-V2;URBAN FACTORY BAG Activ Bag 15.6;URB-;URB-AVB06UF-V2;NUFARTSTKSTD;TEXTILE;TEXTILE;URBAN FACTORY;SACS;;1;B3;7,99;7,99;;;;;;;;;;17;20,4;1;20;;;;
THZ192FR;Targus THZ192FR Versavu Etui rotatif pour iPad Air avec clavier Azerty noir;TAR-;TAR-THZ192FR;NUFARTSTKSTD;TEXTILE;TEXTILE;TARGUS;POCHETTES;;104;D0+E0+SR+AMAZON;;0;Mac & Co;;TECH DATA;2821729;;5051794011517;;;;40,833;49;1;20;Accessoires;;;
SD-IPAD3-BLK-GRY;Hard Candy Shock Drop Coque pour iPad 3 Noir;HAR-;HAR-SD-IPAD3-BLK-GRY;NUFARTSTKSTD;TEXTILE;TEXTILE;HARD CANDY;POCHETTES;;3;AMAZON;;0;;;;;;;;;;11,667;14;1;20;;;;
MF394ZM/A;iPad mini Smart Cover Red;APP-;APP-MF394ZM/A;NUFARTSTKSTD;TEXTILE;TEXTILE;APPLE;POCHETTES;;1;B4;;0;;;;;;885909840052;;;;;;1;20;;;;
MD456ZM/A;iPad Smart Case Rose;APP-;APP-MD456ZM/A;NUFARTSTKSTD;TEXTILE;TEXTILE;APPLE;POCHETTES;;1;B4;;0;;;;;;885909560882;;;;;;1;20;;;;
MD308ZM/A;iPad Smart Case Rose;APP-;APP-MD308ZM/A;NUFARTSTKSTD;TEXTILE;TEXTILE;APPLE;POCHETTES;;1;B4;;0;;;;;;885909533114;;;;;;1;20;;;;
MD304ZM/A;iPad mini Smart Cover - Polyuréthane - RED;APP-;APP-MD304ZM/A;NUFARTSTKSTD;TEXTILE;TEXTILE;APPLE;POCHETTES;;2;B4;;0;;;;;;885909532964;;;;;;1;20;;;;
HOUSSESOLIDBLACK;New product handheld protective sleeve PU leather case stand sleeve solid color;GEN-;GEN-HOUSSESOLIDBLACK;NUFARTSTKSTD;TEXTILE;TEXTILE;GENERIQUE;POCHETTES;;18;E2;;0;;;ALIEXPRESS;HOUSSESOLIDBLACK;;HOUSSESOLIDBL;;;;37,56;45,072;1;20;Accessoires;;;
EDUHOUSSE360;Housse 360° ipad 2,3,4 NOIRE OU BLEU;GEN-;GEN-EDUHOUSSE360;NUFARTSTKSTD;TEXTILE;TEXTILE;GENERIQUE;POCHETTES;;96;E4;;0;;;;;;EDUHOUSSE360;;;;49;58,8;1;20;;;;
101239;"Be.ez 101239 Housse LA robe Chic Marine pour MacBook Air 11"" Marine/Azur";BEE-;BEE-101239;NUFARTSTKSTD;TEXTILE;TEXTILE;BEEZ;HOUSSES;;13;AMAZON;;0;;;;;;3700313912447;;;;11,483;13,78;1;20;;;;
8VU77EA-D41;HP ProBook 450 G7 Core i5 10210U / 1.6 GHz - 8 Go RAM - 256 Go SSD NVMe 15»,6 IPS 1920 x 1080 (Full HD) - UHD Graphics 620  Wi-Fi, Bluetooth - clavier : Français Win 10 Pro 64 bits;HEW-;HEW-8VU77EA-D41;NUFARTSTKSERIE;MATERIEL;UC WINDOWS;HEWLETT PACKARD;;;300;;577;173100;;;;;;;;;;719;862,8;1;20;;;;
CD45-71087225;CD45 - HP ProDesk 405 G4 SFF - AMD Ryzen5 - RAM 8 Go (8Gox1) - HDD 256 Go SSD - Windows 10 64 bit K12;HEW-;HEW-CD45-71087225;NUFARTSTKSERIE;MATERIEL;UC WINDOWS;HEWLETT PACKARD;;;248;;338,38;83918,24;;;;;;;;;;355;426;1;20;;;;
CD45-71084205;CD45 - HP K12 255G7 - AMD Ryzen5 3500U - RAM 8 Go (4+4) - HDD 256 SSD - Windows 10 64 bit K12;HEW-;HEW-CD45-71084205;NUFARTSTKSERIE;MATERIEL;UC WINDOWS;HEWLETT PACKARD;;;144;;386,87;55709,28;;;;;;;;;;419;502,8;1;20;;;;
G9F04AT#ABF;HP Flexible Thin Client t520 - tour - 1 x GX-212JC 1.2 GHz - RAM 4 Go;HEW-;HEW-G9F04AT#ABF;NUFARTSTKSERIE;MATERIEL;UC WINDOWS;HEWLETT PACKARD;;;1;B2;291,92;291,92;HP - PSG THIN CLIENTS TOPVALUE;;TECH DATA;3203819;;888793090497;;;;426;511,2;1;20;Ordinateurs;TERMINALS;;
BOXNUC8I3BEK2;NUC Intel Core i3-8109U Intel HD Graphics 655 Wi-Fi AC / Bluetooth 5.0 + emplacement M.2;NUC-;NUC-BOXNUC8I3BEK2;NUFARTSTKSERIE;MATERIEL;UC WINDOWS;NUC;;;1;C2;230,52;230,52;;;;;;;;;;270;324;1;20;;;;
XW887AT#ABF;HP Thin Client t5335z;HEW-;HEW-XW887AT#ABF;NUFARTSTKSERIE;MATERIEL;UC WINDOWS;HEWLETT PACKARD;;;1;B2;;0;;;INGRAM MICRO;XW887AT#ABF;;886111677139;;;;300;360;1;20;;;;
BOXNUC8I5BEH2;"INTEL NUC NUC8I5BEH2 Intel Core i5-8259U Intel HD Graphics 655 Wi-Fi AC / Bluetooth 5.0 + emplacements M.2 et SATA 2.5"" (sans écran/mémoire/disque dur)";NUC-;NUC-BOXNUC8I5BEH2;NUFARTSTKSERIE;MATERIEL;UC WINDOWS;NUC;;;-6;;295,464;0;;;;;;;;;;346,63;415,956;1;20;;;;
ACPSV75E3345;Acer Veriton M480G;ACE-;ACE-ACPSV75E3345;NUFARTSTKSERIE;MATERIEL;UC WINDOWS;;;;1;E2;;0;;;;;;ACPSV75E3345;;;;;;1;20;;;;
SC0001A;[102478] SC0001A - Eco-contribution;NAO-;NAO-SC0001A;NUFARTSTKSTD;TRANSPORT;;NAOTIC;;ACTUEL;1;STOCK CD41;;0;;;;;;;;;;;;1;20;;;;
;424 produits avec stock;;;;;;;;;;;;421338,19;;;;;;;;;;;;;;;;;