ARDID;ArdGArtCode;ArdStk;ArdGArtLib;ArdEmpl;ArdGDepCode;ArtLastPA
1854;QDO-QD106521TGPR;-1;QDOS OptiGuard Glass Privacy - Tempered Glass Screen Protector for iPhone Xs Max;;COM;10,24
1922;APP-S6048ZM/A;-1;AppleCare+ for iMac;;COM;164
1931;APP-S6054ZM/A;-1;AppleCare+ for 15-inch MacBook Pro;;COM;337
1942;APP-S6540ZM/A;-1;AppleCare+ for iPad Pro;;COM;104
2117;MEE-MW-410105;-1;DENIM SLEEVE - Dark Grey - MacBook Pro/Air 13;;COM;13,2
2432;APP-S8945ZM/A;-1;AppleCare+ for iPhone 12;;COM;135,2
1;ACC-100812;1;Film protecteur MBpro 15;;COM;7
3;ACC-2668152;1;iPad Case C2 Lady Pink;;COM;6,72
4;ACC-2698;1;ScratchStopper Color iPhn 5c green\n\n;;COM;4,73
5;ACC-2704;1;ScratchStopper Color iPhn 5c blue\n\n;;COM;4,73
7;ACC-840692;1;Sacoche pour ordinateur 15;;COM;15,92
15;ACC-AC01040;1;COQUE CLIC WOODEN IPHONE 6+ NOIR;;COM;16,66
17;ACC-AZ331LG;1;USB Power Charger For All iPods Blk;;COM;4,5
18;ACC-BAS4;1;KIT MAIN LIBRE VOITURE;;COM;42,9
19;ACC-BONXS;1;Sacoche Bronx pour iPad;;COM;24,54
20;ACC-D2IPO4PO1BK;1;Leather iPhone 4/4S Black;;COM;15,75
27;ACC-LCDH3;1;LCD Touch BACPAC;;COM;65,01
28;ACC-OZ-COAT-WT-N6-BL;1;Bracelet Nano 6 Bleu;;COM;12,18
29;ACC-OZ-COAT-WT-N6-RD;1;Bracelet Nano 6 Rouge;;COM;12,18
30;ACC-PATIN;1;Patin Anti dérapant MacBook pro (x4);;COM;6,84
31;ACC-PROL;1;Etui clip ceinture iPhone 5;;COM;3,99
32;ACC-SP100;1;Batterie de secours solaire;;COM;23,7
36;ACC-WALL/EU;1;Wall Charger EU;;COM;13,1
39;ADO-2556950;1;Adobe Photoshop Elements - (version 11 ) - ensemble complet - 1 utilisateur - DV;;COM;60,95
40;ADO-ADB65136538;1;Photoshop Element 10;;COM;59,49
41;AKG-HRMK181DJ;1;Casque AKG K181DJ;;COM;125,41
42;AKG-HRMK420BLUFR;1;Casque AKG K420BLU - Bleu;;COM;30,1
43;ANI-CTR017740FR;1;Animal Zebra Hard Shell iPhone 4 Black;;COM;13,79
44;ANI-CTR017820FR;1;Animal Silicone Corp Logo iPhone 4 Black/Pink;;COM;11,95
49;APP-M9320G/A;1;Adaptateur mini-DVI vers VGA;;COM;12,62
54;APP-MB112ZM/C;1;Apple Mouse;;COM;37,94
59;APP-MB571Z/A;1;Adaptateur Mini-DisplayPort vers DVI double lien (pour écran 30);;COM;74,78
65;APP-MC360ZM/A;1;Dock iPad;;COM;19,72
100;APP-MF045ZM/A;1;iPhone 5s Case - Noir;;COM;25,78
104;APP-MF217F/A;1;AppleCare protection Plan Mac mini;;COM;49,36
105;APP-MF218F/A;1;AppleCare Protection Plan MacBook Pro 15/17;;COM;187,92
106;APP-MGNC2ZM/A;1;Apple Smart Cover - noir pour iPad mini iPad mini 2 3;;COM;27,58
124;APP-MK0D2ZM/A;1;iPad Pro Silicone case Charcoal Gray;;COM;54,31
127;APP-MKLM2ZM/A;1;iPad mini 4 Silicone Case - Midnight Blue;;COM;43,83
131;APP-MKM12ZM/A;1;iPad mini 4 Smart Cover - Blue;;COM;28,2
162;APP-MLD32ZM/A;1;iPad mini 4 Silicone Case - Blue;;COM;41,16
166;ASC-HKDOCKIPBLACKGOLD;1;ENCEINTE HI-FI HELLO KITTY NOIR/OR;;COM;50
167;ASC-SCICONGREEN;1;Casque Audio Skullcandy vert;;COM;10,82
169;AUD-AT-ATHFC707WH;1;Audio Technica Casque Pliable Blanc;;COM;33,06
186;BEE-100529;1;Le Vertigo Ebène/Noir 13/15;;COM;34,9
189;BEE-100706;1;LA robe MBP 17 Cannelle;;COM;8,76
190;BEE-100799;1;MBP 15 VOLUTE BLACK;;COM;17,51
191;BEE-100831;1;LE rush 13 Black Coffee;;COM;27,54
192;BEE-100969;1;Housse Be.ez La Robe Allure Lavande MacBook Air 11;;COM;19,88
193;BEE-101071;1;Rappongi avenue Macbook Air 11/13;;COM;32,56
194;BEE-101106;1;LA robe MBP Retina 15" Grey/Black;;COM;9,7
195;BEE-101107;1;LA robe MBP Retina 15" Grey/Blue;;COM;9,7
217;BEL-F8N160EARL;1;15.6 WS NOTEBOOK SLV NPRN CHOC/TO;;COM;10,23
234;CRU-GB-L-003;1;The Gumb Bush Noir/Bleu clair MBPro 15;;COM;20
238;CRU-SLF-004;1;The Slippy Fish Argent/Bleu marine;;COM;25
239;CYG-CY1095POPB2FR;1;Dual USB AC Charger 2,1A;;COM;10,01
243;ELG-1MO108501000FR;1;Eye TV Mobile;;COM;65,24
244;FIL-H1858F/A;1;Bento Retail 4.0 Mac;;COM;27,51
248;GEA-PG309;1;STATION GEAR4 STREETPARTY III;;COM;29,12
250;GOP-RIDE;1;Ride Hero / Handlebar Seatpost Mount;;COM;15
257;GRI-GB40543;1;Survivor pour iPhone6 Plus - Noir/Noir/Noir;;COM;19,88
260;GRI-GC17055FR;1;Cable Audio Auxiliaire;;COM;7,49
265;INC-INCIM241FR;1;Feather MacBook air 13 Matte Noir;;COM;25,08
270;JAB-HALO2MFI;1;Casque Bluetooth Jabra Halo2 iPhone;;COM;69
271;JBL-HRMJBLONAIRWBLKEU;1;JBL On Air Airplay;;COM;174,76
272;JBL-HRMJBLONBEATWHTEU;1;JBL on Beat iPhone/iPod/iPad Blanc;;COM;104,44
274;KAN-KANAIRBLUEFR;1;AirBlue Recepteur audio Bluetooth portable;;COM;20,69
275;KAS-DONBLA13;1;Sac Black Donjon 13 ;;COM;46,51
276;KAS-DONBLA15;1;Sac Black Donjon 15 ;;COM;50,59
277;KAS-DONBLU13;1;Sac Blue Donjon 13 ;;COM;46,51
278;KAS-DONBLU15;1;Sac Blue Donjon 15 ;;COM;50,59
280;KAS-DONGRE15;1;Sac Grey Donjon 15 ;;COM;50,59
282;KEN-K39565EU;1;Proximo Starter Kit;;COM;24,51
283;KEN-K39567EU;1;Proximo Tag;;COM;9,79
287;KNO-55-256-BRN;1;Sac Knomo Newbury Marron MacBook Pro 15;;COM;191,77
288;KNO-55-257-BRN;1;Sac Knomo Durham Marron MacBook Pro 15;;COM;162,19
289;KNO-57-090-SAN;1;Troon 13 Sand/Tabac;;COM;49,67
295;LIF-3058366;1;X-Moove Powergo Monster - Batterie externe 12000 mAh;;COM;49,23
303;MAC-WIFISD;1;WiFi SD card enclosure & 2.6Ah batt\n\n;;COM;30,34
309;MAR-MS-IPAD-CLR;1;iPad - MicroShell transparent;;COM;12,54
311;MAR-STANMORE;1;Enceinte Marshall Stanmore;;COM;235,5
316;MCA-MCAHKCOLOUDPREMIUM;1;HKitty COLOUDPREMIUM;;COM;24,5
324;MOB-2913445;1;Mobilis iPad Air - coque de protection pour tablette IPAD AIR;;COM;12,5
332;MOS-99MO054003;1;iGlaze pour MB Pro 15 Retina - Noir;;COM;32,61
345;MOS-99MO079501;1;iGlaze Case pour iPhone 6 - Bleu;;COM;11,69
351;MOS-MTEL20001BLK;1;Skin Touch Serie iPad 3 Noir;;COM;26,94
353;MOS-MTIA50-003BLK;1;Chromatic Etui Simili Cuir Pour Ipad Air et Air 2 - Noir;;COM;15,3
356;MTA-JMTABLE;1;Mtable Support métal;;COM;35,07
358;MUV-MUCMPPSIPT4G001;1;Etui slim noir iPod touch 4G;;COM;8,32
359;MUV-MUCUNHO002;1;Etui horizontal Noir Ceinture;;COM;5,9
360;MUV-MUCUNPS080;1;Muvit Etui Universel Pocket Slim Blanc iPhone 5;;COM;5,9
363;MUV-MUSTKIPAD001;1;STICKER AR GRAFFITI IPAD;;COM;8,9
364;MUV-MUSTKIPAD007;1;STICKER AR USA IPAD;;COM;8,9
373;NOR-2107TB15;1;Etui TRADITION B Rabat vers côté iPhone 6 4,7 Noreve cuir Perpetuelle Dark Vint;;COM;27,17
379;OTT-3205618;1;Otterbox Case Amp600 Blue;;COM;12,17
382;PAR-2937100;1;PARROT Flower Power - Blue;;COM;37,05
383;PHI-SHB9100WHITE;1;Casque Bluetooth Micro Blanc SHB9100;;COM;55,65
387;PUR-IPC64703BLUE;1;iPhone 6 47 Etui Puro Ultra Slim silicone bleu;;COM;6,86
391;SEE-0196-SJCLPAD2SGG;1;SeeJacket Clip iPad 2/3 Grey;;COM;9,38
393;SON-SNYMDRV700DJCE7FR;1;MDR-V700 Casque Step Up Professional DJ;;COM;64
409;THU-TAIE4124K;1;Coque Thule Atmos X4 for iPhone 6  4.7 NOIR;;COM;17,02
414;THU-TGSE2253;1;Coque de protection 13 THULE GAUNTLET 3.0 MacbookPro Noire;;COM;22,82
416;THU-TMPA113;1;Malette Rigide THULE 13 avec bandoulière;;COM;35,95
417;THU-TSBE2115;1;Saccoche Subterra Macbook pro/retina 15;;COM;46,09
419;TRA-3143930;1;Transcend JetDrive Lite 330 - Carte mémoire flash - 64 Go;;COM;37,01
424;TUC-BFUSMB15RZFR;1;SecondSkin Microfibra Script pour MacBook Pro 15.4 Rouge;;COM;16,8
425;TWE-121114-FR;1;HoverBar-Bras ajustable iPad2;;COM;37,71
428;WIT-70005701;1;Balance Connectée Withings Smart Body Analyzer WiFi;;COM;105,88
429;WIT-70027901;1;Tensiomètre Intelligent Sans Fil Withings;;COM;96,82
431;XDO-XD427753;1;Coque Protection Engage Folio Blanc iPhone 6 Plus;;COM;7,5
434;XDO-XD434690;1;Bumper noir pour APPLE IPHONE 6+;;COM;9,8
436;XSO-OCL/BLA;1;Deluxe Tripod Black;;COM;10,5
437;XSO-USH/SIL;1;U-SHOT Silver;;COM;14
438;XSO-USHB2/BLA;1;Big U-Shot Black;;COM;25
440;ALT-MP450;1;STATION D'ACCEUIL AUDIO IPAD;;COM;84,63
673;XER-006R03026;1;Toner Xerox compatible HP 80A pour Laserjet M400 (2700 pages à 5%);;COM;36,37
677;ZAG-ZGUNM2-BKF;1;Etui Clavier Messenger ZAGG iPad Pro;;COM;45,89
712;APP-MM282ZM/A;1;Silicone Case for 9.7-inch iPad Pro - Yellow;;COM;47,04
716;APP-MM252ZM/A;1;Silicone Case for 9.7-inch iPad Pro - Royal Blue;;COM;48,27
719;APP-MM242ZM/A;1;Silicone Case for 9.7-inch iPad Pro - Light Pink;;COM;49,24
720;APP-MM272ZM/A;1;Silicone Case for 9.7-inch iPad Pro - Lavender;;COM;47,04
728;APP-MM2F2ZM/A;1;Smart Cover for 9.7-inch iPad Pro - Light Pink;;COM;36,92
731;APP-MM2K2ZM/A;1;Smart Cover for 9.7-inch iPad Pro - Yellow;;COM;35,28
732;APP-MMG62ZM/A;1;Smart Cover for 9.7-inch iPad Pro - Mint;;COM;36,92
733;APP-MM2H2ZM/A;1;Smart Cover for 9.7-inch iPad Pro - Apricot;;COM;36,92
740;MOS-99MO075001;1;iVisor Glass Protection Ecran iPhone 5/5s - Noir;;COM;15,54
745;REFACT-WAVE;1;REFACTURATION % GESTION WAVESTORE;;DCOM;88,28
748;APP-MMHG2ZM/A;1;iPhone SE Leather Case - Midnight Blue;;COM;26,88
753;APP-MM2L2ZM/A;1;Smart Keyboard for 9.7-inch iPad Pro (only available in a U.S);;COM;122,84
784;APP-MLLC2ZM/A;1;Siri Remote pour AppleTV 4;;COM;56,29
788;APP-ML8K2ZM/A;1;iPhone Lightning Dock Gold;;COM;35,3
789;APP-ML8L2ZM/A;1;iPhone Lightning Dock Rose Gold;;COM;35,3
805;APP-MM2L2ZM/A;1;Smart Keyboard for 9.7-inch iPad Pro (only available in a U.S);;DCOM;122,84
866;APP-3C607ZM/A;1;38mm Saddle Brown Classic Buckle (Demo - Try On);;DCOM;0
867;APP-3C639ZM/A;1;42mm Silver Milanese Loop (Demo - Try On);;DCOM;80
870;APP-MMX62ZM/A;1;Lightning to 3.5 mm Headphone Jack Adapter;;COM;6,17
921;APP-MB570Z/B;1;Adaptateur Mini-Display Port vers DVI (sauf écran 30);;COM;21,86
936;APP-3C579ZM/A;1;38mm Pink Sand Sport Band with Rose Gold Pin - S/M & M/L (Demo - Try On);;DCOM;30
938;APP-3C633ZM/A;1;42mm Black Sport Band with Space Black Pin - S/M & M/L (Demo - Try On);;DCOM;38
941;APP-3C644ZM/A;1;42mm Silver Link Bracelet (Demo - Try On);;DCOM;0
943;APP-3C094ZM/A;1;42mm Black Woven Nylon (Demo);;DCOM;0
960;APP-MJ1M2ZM/A;1;Adaptateur USB C vers USB A;;COM;16,6
970;KAI-K1-FREE-ROUG;1;Sac Freeman Rouge 13"&15";;COM;29,92
971;KAI-K1SWELL-GRCH;1;Sac Swell Gris Chiné 13"&15";;COM;26,64
975;KAI-K1-CHILL-NOIR;1;Sac Chillout Noir 13"&15";;COM;29,92
976;KAI-K1-CHILL-GRCH;1;Sac Chillout Gris Chiné 13"&15";;COM;29,92
978;BEE-101497;1;LA robe One Bubble Pink Air13/Pro13;;COM;10
1017;GRI-GB41356;1;Survivor ALL TERRAIN for iPad Mini 4 Noir/noir/noir;;COM;21,48
1022;QDO-QD-7521-TG;1;Optiguard Glass protect Iphone SE / 5 s/ 5 ;;COM;8
1029;QDO-QD-7931-ML;1;Matrix Coque Rigide Iphone 7 Silicone Liquide Bleu Nuit;;COM;11
1036;QDO-QD-8021-TG;1;Optiguard Verre trempé Iphone 7 plus Transparent;;COM;10,41
1038;QDO-QD-8021-TGK;1;Optiguard Verre trempé Bord à bord Noir Iphone 7 plus Transparent;;COM;10,41
1049;QDO-STENIMBUS-BK;1;Manette sans fil Steelseries Nimbus Black ;;COM;32,95
1073;MIC-W6F-00902;1;Microsoft Office 2016 pour Mac Famille & Petite Entreprise;;COM;183,36
1084;WHO-31500MLSSC;1;Produit de nettoyage 500 ml - Whoosh;;COM;8,2
1093;AII-AIMBA13M-BLK;1;Aiino - MacBook Air 13 Case Matte - Black;;COM;13
1102;APP-MM232ZM/A;1;Silicone Case for 9.7-inch iPad Pro - Stone;;COM;48,27
1104;APP-MMG72ZM/A;1;Smart Cover for 9.7-inch iPad Pro - Lilac;;COM;36,2
1127;ASC-HKDOCKIPBLACKPURP;1;ENCEINTE HI-FI HELLO KITTY PURPLE;;COM;50
1143;APP-3C885ZM/A;1;42mm Midnight Blue Solid Woven Nylon (Demo);;DCOM;30
1158;APP-MQ4M2ZM/A;1;iPad Smart Cover - White;;COM;26,88
1185;CAS-CSIE2143ALK;1;Etui Caselogic Snapview II pour iPad Air 2/ iPad Pro 9,7 Argent;;COM;13
1376;MOS-99MO023002;1;Câble stéréo Jack 3,5mm mâle/mâle;;COM;6,42
1438;APP-3C843ZM/A;1;42mm Flamingo Sport Band - S/M & M/L (Demo);;DCOM;30
1439;APP-3C847ZM/A;1;38mm Berry Stripe Woven Nylon (Demo);;DCOM;30
1440;APP-3C890ZM/A;1;42mm Obsidian/Black Nike Sport Band - S/M & M/L (Demo);;DCOM;30
1441;APP-3C839ZM/A;1;38mm Mist Blue Sport Band - S/M & M/L (Demo);;DCOM;30
1451;APP-MPUN2ZM/A;1;38mm Flamingo Sport Band - S/M & M/L;;COM;41,3
1504;ELE-EMT322100DZ11;1;Coque Aura ELEMENTCASE iPhone 7 Bordeaux;;COM;16,02
1505;ELE-EMT322100DZ20;1;Coque Aura ELEMENTCASE iPhone 7 Bleu;;COM;16,02
1529;APP-MQH02ZM/A;1;iPhone 8 Plus / 7 Plus Silicone Case - Blue Cobalt;;COM;26,88
1541;APP-3D357ZM/A;1;42mm Seashell Sport Loop (Demo);;DCOM;38
1542;APP-3D350ZM/A;1;38mm Pink Sand Sport Loop (Demo);;DCOM;38
1595;BEE-101619;1;LA robe MBP Retina 15 (Late 2016) One Black;;COM;9,7
1637;BEL-F8W751DSAPL;1;Ecran Proctecteur iPhone 7+/8+ Verre trempé ULTRAGLASS (Corning Glass);;COM;2,28
1650;APP-MQRW2ZM/A;1;iPhone X Leather Folio - Cosmos Blue;;COM;64,68
1658;LIF-77-57194;1;LifeProof Next Apple Iphone 7 plus/8plus Black Crystal;;COM;36,72
1682;APP-MRGE2ZM/A;1;iPhone X Leather Folio - Electric Blue;;COM;70,56
1688;APP-MRME2Z/A;1;Magic Mouse 2 - Space Grey;;COM;65,19
1698;APP-3C653ZM/A;1;42mm Black/Volt Nike Sport Band - S/M & M/L (Demo - Try On);;DCOM;30
1700;APP-MGQR2ZM/A;1;Coque en cuir iPhone 6 Plus - Brun olive;;COM;29,4
1766;APP-MRWJ2ZM/A;1;iPhone XS Max Silicone Case - Stone;;COM;26,88
1784;APP-3D950ZM/A;1;40mm Pink Sand Sport Loop (Demo);;DCOM;38
1785;APP-3D964ZM/A;1;44mm Seashell Sport Loop (Demo);;DCOM;38
1786;APP-3D988ZM/A;1;40mm White Sport Band - S/M & M/L (Demo);;DCOM;31
1787;APP-3E047ZM/A;1;44mm Black Sport Band - S/M & M/L (Demo);;DCOM;31
1788;APP-3E309ZM/A;1;42mm Black Sport Band - S/M & M/L (Demo);;DCOM;31
1789;APP-3E310ZM/A;1;38mm Anthracite/Black Nike Sport Band - S/M & M/L (Demo);;DCOM;38
1871;APP-MU8H2F/A;1;Smart Keyboard Folio for 12.9-inch iPad Pro (3rd Generation) - French;;COM;160,65
1885;APP-MRX72ZM/A;1;Smart Folio for 11-inch iPad Pro - Charcoal Gray;;COM;52,92
1910;APP-MUFG2ZM/A;1;USB-C to SD Card Reader;;COM;28,57
1967;APP-MVQF2ZM/A;1;iPad mini Smart Cover - Pink Sand;;COM;26,88
1981;QDO-QD-10613821K;1;QDOS OptiGuard Infinity Glass Cover for iPhone Xr;;COM;20
1989;STM-222-216L-01;1;STM Atlas pour iPad Pro 12,9" - 2018 - Grey;;COM;27,04
2030;APP-MTP92ZM/A;1;40mm Lavender Gray Sport Band - S/M & M/L;;COM;39,48
2073;APP-3D990ZM/A;1;40mm Pink Sand Sport Band - S/M & M/L (Demo);;DCOM;31
2074;APP-3E046ZM/A;1;44mm White Sport Band - S/M & M/L (Demo);;DCOM;31
2088;APP-MWVG2ZM/A;1;iPhone 11 Clear Case;;COM;27,75
2122;APP-MWYH2ZM/A;1;iPhone 11 Pro Silicone Case - (PRODUCT)RED;;COM;26,88
2125;APP-MWYN2ZM/A;1;iPhone 11 Pro Silicone Case - Black;;COM;27,75
2130;APP-MWYW2ZM/A;1;iPhone 11 Pro Max Silicone Case - Midnight Blue;;COM;26,88
2157;QDO-QD-116133-CL;1;Coque transparente QDOS HYBRID iPhone 11;;COM;8,19
2178;APP-MWU62ZM/A;1;40mm Royal Pulse/Black Nike Sport Band – S/M & M/L;;COM;32,76
2179;APP-MX7Y2ZM/A;1;40mm Black Nike Sport Loop;;COM;32,76
2181;APP-MX3Q2ZM/A;1;44mm Midnight Blue Sport Loop;;COM;32,76
2186;BEL-F7U083VFBLK;1;Belkin BOOST UP 10W Wireless Charging Stand - Black;;COM;22,54
2196;QDO-QD-312940-K;1;QDOS Muse Cover for iPad Pro 12.9" (2018) - Charcoal Grey;;COM;21,49
2241;APP-MXYK2ZM/A;1;iPhone SE Silicone Case - Pink Sand;;COM;24,1
2247;APP-MX3L2F/A;1;Smart Keyboard for iPad (7th generation) and iPad Air (3rd generation) - French;;COM;134,4
2254;APP-MXTD2ZM/A;1;Smart Folio for 12.9-inch iPad Pro (4th generation) - Surf Blue;;COM;73,39
2255;APP-MXT82ZM/A;1;Smart Folio for 12.9-inch iPad Pro (4th generation) - White;;COM;73,39
2258;APP-MXT32ZM/A;1;Smart Folio for 11-inch iPad Pro (2nd generation) - White;;COM;54,89
2260;APP-MWYY2ZM/A;1;iPhone 11 Pro Max Silicone Case - Pink Sand;;COM;28
2261;APP-MX0G2ZM/A;1;iPhone 11 Pro Max Leather Case - Midnight Blue;;COM;33,92
2268;APP-MXNU2ZM/A;1;40mm Grapefruit Sport Band - Regular;;COM;33,89
2270;APP-MXP02ZM/A;1;44mm Surf Blue Sport Band - Regular;;COM;33,89
2271;APP-MTPK2ZM/A;1;44mm White Sport Band - S/M & M/L;;COM;33,89
2272;APP-MXMW2ZM/A;1;44mm Surf Blue Sport Loop;;COM;33,89
2273;APP-MY1F2ZM/A;1;iPhone 11 Pro Silicone Case - Surf Blue;;COM;27,75
2300;APP-3H110ZM/A;1;44mm Deep Navy Sport Band - Regular (Demo);;COM;31,44
2327;BEL-CCD001BT1MBK;1;Belkin BOOST CHARGE Dual Charger;;COM;11,47
2330;APP-MGYT3ZM/A;1;Smart Cover for iPad (8th generation) - Pink Citrus;;COM;33,91
2410;QDO-QD-3112040-K;1;QDOS Muse Cover for iPad Pro 11" (2020)- Charcoal Grey;;COM;24,59
11;ACC-9908;2;ScratchStopper Anti-F Matt iPad Air\n\n;;COM;6,38
23;ACC-EX175MP3;2;Housse Silicone iPod Nano 5G;;COM;1
24;ACC-F3Y121BF0.1M;2;SPLITTER AUDIO 3.5mm/2x3.5mm NCKL;;COM;1,68
37;ACC-WIFIRE;2;WIFI Remote Control;;COM;65
38;ADA-F3Y119BF0.1M;2;ADPTR AUD 3.5mm/2xRCA DNGL BLK GOLD;;COM;2,68
50;APP-M9321G/B;2;Adaptateur mini-DVI vers DVI;;COM;12,62
68;APP-MC461Z/A;2;Apple 60W MagSafe Power Adapter (for previous generation 13.3-inch MacBook and 1;;COM;56,01
79;APP-MD464ZM/A;2;Apple Thunderbolt to Firewire;;COM;22,42
82;APP-MD564ZM/A;2;USB SuperDrive Apple;;COM;56,33
96;APP-MD861ZM/A;2;Cable Apple Thunderbolt 2m - Blanc;;COM;28,58
132;APP-MKM22ZM/A;2;iPad mini 4 Smart Cover - Orange;;COM;26,88
134;APP-MKM42ZM/A;2;iPad mini 4 Smart Cover - Lavender;;COM;28,2
135;APP-MKM52ZM/A;2;iPad mini 4 Smart Cover - Turquoise;;COM;28,62
163;APP-MLD42ZM/A;2;iPad mini 4 Silicone Case - Orange;;COM;41,16
164;APP-MLD52ZM/A;2;iPad mini 4 Silicone Case - Pink;;COM;41,16
168;AUD-AT-ATHANC7B;2;CASQUE LEGER A REDUCTION DE BRUIT;;COM;122,85
170;AVA-AVKB-T00;2;Clavier Bluetooth AZERTY pavé num.;;COM;33,13
188;BEE-100592;2;LA Dolce Vita Moka;;COM;31,41
233;CRU-CHES;2;Chesty Mount;;COM;28
237;CRU-MUL7-004;2;The Mullet Rouge;;COM;15
242;EDI-AURORA-SB;2;Edifier Aurora Stormy Black;;COM;43,47
249;GOP-HDMI3;2;HDMI Hero3;;COM;17,5
251;GRI-GA23102FR;2;PowerBlock for iPad  iPhone + iPod -  2 amp  UK/EU Plugs - Noir (EFIGS);;COM;14,62
259;GRI-GC10038FR;2;AIRCURVE II ACOUSTIC AMPLIFIER FOR IPHONE+LANDSCAPE ADAPTER TRANSLUCENT;;COM;16,62
263;HEN-HDSHDA01CLIQUEFR;2;Wireless Keyboard and Trackpad Dock;;COM;15,54
268;INC-IPH808FR;2;Feather pour iPhone 5 - Royal Pourpre;;COM;8,35
310;MAR-MW-MS-IPAD-BLK;2;iPad - MicroShell noir;;COM;12,54
320;MEM-1490930;2;Barette RAM 2Go DDR2 800Mhz DIM 400;;COM;21,56
321;MEM-2169588;2;Mémoire - 2 Go - DIMM 240 broches - DDR2 - 800 MHz ;;COM;16,45
328;MOS-99MO020970;2;iVisor XT pour iPhone 6 - Noir;;COM;9,17
329;MOS-99MO020971;2;iVisor XT pour iPhone 6 - Blanc;;COM;10
344;MOS-99MO079411;2;iGlaze Case pour iPhone 6 - Violet;;COM;11,69
347;MOS-99MO080001;2;iGlaze Case pour iPhone 6 Plus - Noir;;COM;13,81
355;MOX-IQUADRO;2;Chargeur Secteur 4 Ports USB;;COM;16,19
361;MUV-MUDKCIP4002;2;Muvit socle de charge et syncro USB blanc slim iPhoe 4 et cable 1M;;COM;9,9
362;MUV-MUSTKIP4003;2;STICKERS AV/AR DRAPEAU UK IPHONE4;;COM;4,9
365;MYF-MUBMC0104;2;Coque MyFrame Blanche iPhone 6 Plus;;COM;5,5
384;PNY-P-MEMEXP256U1-EF;2;Carte PNY SD 256 GO StorEdge ;;COM;102,51
389;ROX-HRMREF250OPFR;2;Casque ROXY Reference 250 Orange/Rose;;COM;20,06
392;SEN-HD238;2;CASQUE AUDIO TRADITIONNEL SENNHEISER HD238;;COM;56,9
397;SPE-MB-A4124;2;Speck Coque de Protection pour MacBook Retina 12 - clear;;COM;20,25
398;SPE-MB-A4125;2;Speck Coque de Protection pour MacBook Retina 12 - Noir;;COM;20,25
411;THU-TCBP317K;2;Sac a dos Thule Noir 15;;COM;46,09
412;THU-TGAE2253;2;Malette Rigide 13 THULE GAUNTLET 3.0 avec bandoulière;;COM;36,5
426;V7-V7CBP1-9E;2;Sacoche sac à dos noir;;COM;9,18
433;XDO-XD434683;2;Bumper argent pour APPLE IPHONE 6+;;COM;9,8
435;XDO-XD434713;2;BUMPER argent pour APPLE IPHONE 6;;COM;9,8
671;MOS-99MO080901;2;iGlaze XT pour iPhone 6/6s Plus - Extra Transparent;;COM;14,84
763;MOS-99MO086001;2;Coque Moshi Endura Noire iPhone 6/6S;;COM;32,5
764;MOS-99MO086005;2;Handlebar Moshi Support vélo pour coque Endura;;COM;12,19
765;MOS-99MO086003;2;Brassard Moshi Endura Noir iPhone 6/6S;;COM;9,75
777;PNY-P-MEMEXP128U1-EF;2;Carte PNY SD 128 GO StorEdge Flash;;COM;43,69
881;APP-MMY52ZM/A;2;iPhone 7 Leather Case - Black;;COM;33,62
1037;QDO-QD-8021-TGBS;2;Optiguard Verre trempé Iphone 7 plus Lumière Bleu;;COM;9
1043;QDO-QD-76S45-TOPGO;2;Topper Iphone  6s et Iphone 6 Or;;COM;7,43
1044;QDO-QD-76S45-TOPRG;2;Topper Iphone  6s et Iphone 6 Rose;;COM;7,43
1056;APP-MMT12ZM/A;2;iPhone 7 Plus Silicone Case - Cocoa;;COM;27,58
1149;APP-3C628ZM/A;2;38mm White Sport Band - S/M & M/L (Demo - Try On);;DCOM;30
1381;MOS-99MO023208;2;Adaptateur Mini Display Port Vers Hdmi + Audio 4K;;COM;15
1426;APP-MPTL2F/A;2;Smart Keyboard for 10.5-inch iPad Pro - French;;DCOM;131
1508;APP-MQHJ2ZM/A;2;iPhone 8 Plus / 7 Plus Leather Case - Taupe;;COM;32,76
1535;APP-MR3Q2ZM/A;2;iPhone 8 Plus / 7 Plus Silicone Case - Dark Olive;;COM;26,88
1580;APP-MQGY2ZM/A;2;iPhone 8 Plus / 7 Plus Silicone Case - Midnight Blue;;COM;26,88
1608;APP-MQT22ZM/A;2;iPhone X Silicone Case - White;;COM;26,88
1625;MOS-99MO084209;2;Hub USB-C compact Symbus - Power (65W) HDMI, ethernet, USB-A x2 Moshi;;COM;68,22
1630;INC-INPH170251BL;2;Coque de protection Incase iPhone 7 Bleu;;COM;11,1
1657;LIF-77-57405;2;LifeProof Slam Apple Iphone 7 /8 Clear Flash black;;COM;18,37
1659;LIF-77-57418;2;LifeProof Slam Apple Iphone 7 Plus /8 Plus Night flash black;;COM;22,95
1660;LIF-77-56788;2;LifeProof Fre Apple Iphone 7 /8 Lite Black;;COM;36,72
1689;APP-MRMH2F/A;2;Magic Keyboard with Numeric Keypad - French - Space Grey;;COM;94,13
1763;APP-MRWF2ZM/A;2;iPhone XS Max Silicone Case - White;;COM;26,88
1774;APP-MTEV2ZM/A;2;iPhone XS Max Leather Case - Forest Green;;COM;32,76
1794;MEE-MW-410082;2;Housse MacBook Air 13" Shade Green;;COM;9,9
1801;APP-MRW82ZM/A;2;iPhone XS Silicone Case - White;;COM;26,88
1851;QDO-QD106121TGPR;2;QDOS  OptiGuard Glass Privacy - Tempered Glass Screen Protector for iPhone Xr;;COM;10
1886;APP-MRX82ZM/A;2;Smart Folio for 11-inch iPad Pro - White;;COM;52,92
1887;APP-MRX92ZM/A;2;Smart Folio for 11-inch iPad Pro - Soft Pink;;COM;52,92
1889;APP-MRXE2ZM/A;2;Smart Folio for 12.9-inch iPad Pro (3rd Generation) - White;;COM;70,56
1919;ACC-AVKB-T00;2;Clavier avec Pavé numerique AVANCA  Bluetooth design mac AZERTY;;COM;33
1964;APP-MVQG2ZM/A;2;iPad mini Smart Cover - Papaya;;COM;26,88
1991;APP-MM4T2ZM/A;2;Telecommande Apple Remote pour Apple TV (2nd generation, 3rd generation);;COM;15,14
2091;APP-MWYE2ZM/A;2;iPhone 11 Pro Leather Case - Black;;COM;32,76
2129;APP-MWYV2ZM/A;2;iPhone 11 Pro Max Silicone Case - (PRODUCT)RED;;COM;26,88
2172;APP-MWVX2ZM/A;2;iPhone 11 Silicone Case - White;;COM;26,88
2173;APP-MWYG2ZM/A;2;iPhone 11 Pro Leather Case - Midnight Blue;;COM;32,76
2188;BEL-F7U082VFBLK;2;Belkin BOOST UP 10W Wireless Charging Pad - Black;;COM;20,04
2194;QDO-QD-31140-K;2;QDOS Muse Cover for iPad Pro 11" (2018)- Charcoal Grey;;COM;21,49
2204;BEL-F4U092BTSGY;2;Belkin USB-C Multimedia Hub - 2xUSB-A 1xUSB-C 1xHDMI4k 1xSD 1xRJ45;;COM;37,88
2210;APP-MXQU2F/A;2;Magic Keyboard for 12.9-inch iPad Pro (4th generation) - French;;COM;299,4
2229;APP-MXYY2ZM/A;2;iPhone 11 Silicone Case - Surf Blue;;COM;27,75
2240;APP-MXYJ2ZM/A;2;iPhone SE Silicone Case - White;;COM;24,1
2242;APP-MXYH2ZM/A;2;iPhone SE Silicone Case - Black;;COM;24,1
2252;APP-MWYL2ZM/A;2;iPhone 11 Pro Silicone Case - White;;COM;27,75
2253;APP-MXT92ZM/A;2;Smart Folio for 12.9-inch iPad Pro (4th generation) - Black;;COM;73,39
2259;APP-MWYX2ZM/A;2;iPhone 11 Pro Max Silicone Case - White;;COM;27,75
2279;APP-MLFQ2ZM/A;2;Remote Loop pour Apple Siri Remote;;COM;9,92
2329;APP-MGYR3ZM/A;2;Smart Cover for iPad (8th generation) - Cyprus Green;;COM;33,91
2331;APP-MGYQ3ZM/A;2;Smart Cover for iPad (8th generation) - Deep Navy;;COM;33,91
2409;QDO-QD-31292040-K;2;QDOS Muse Cover for iPad Pro 12.9" (2020) - Grey;;COM;24,59
6;ACC-8178-SS-N6;3;ScratchStopper (3x) f iPod nano 6G;;COM;3
10;ACC-9892;3;ScratchStopper iPad Air\n\nScratchStopper iPad Air\n\nScratchStopper iPad Air\n\nScrat;;COM;6,38
13;ACC-AC00460;3;JUMP CABLE LIGHTNING GRIS ARDOISE;;COM;25
45;APP-M8639G/A;3;Adaptateur Mini-VGA vers VGA;;COM;13,8
48;APP-M9319G/A;3;Adaptateur mini-DVI vers vidéo;;COM;12,62
60;APP-MB572Z/B;3;Adaptateur Mini DisplayPort vers VGA;;COM;21,86
80;APP-MD504ZM/A;3;Apple MagSafe to MagSafe 2 Converter;;COM;6,73
84;APP-MD592Z/A;3;Apple 45W MagSafe 2 Power Adapter (for MacBook Air);;COM;56,01
92;APP-MD826ZM/A;3;Lightning to Digital AV Adapter;;COM;33,92
130;APP-MKLY2ZM/A;3;iPad mini 4 Smart Cover - (PRODUCT)RED;;COM;26,88
215;BEE-BBX112A0;3;Casque Stereo Bluetooth + Support Voiture pour iPad 2 et 3;;COM;37,85
224;CAB-AV10009QP2M;3;DIG TOSLINK CBL 2M 1000 ;;COM;8,4
230;CLE-PKP-100304;3;Cle usb 3.0 PKparis K1 64Go;;COM;38,24
302;MAC-IP-PH808-T4;3;4 way priv.screenprot.overl touch 4;;COM;8,08
374;OLI-OX-48773;3;Perche à Selfie Bluetooth;;COM;10,62
413;THU-TGAE2254;3;Malette Rigide 15 THULE GAUNTLET 3.0 avec bandoulière;;COM;36,5
432;XDO-XD427883;3;Coque Protection Scene Noir iPhone 6 Plus;;COM;4,9
439;ZUM-TLTMV9ZUMOTFR;3;Zumo Portable Battery Pack - Micro USB;;COM;22,57
604;APP-MC556Z/B;3;Apple 85W MagSafe Power Adapter (for 15- and 17-inch MacBook Pro);;COM;53,86
1072;APP-MK0C2ZM/A;3;Apple Pencil for iPad Pro;;DCOM;74,27
1078;APP-MNF82Z/A;3;87W USB-C Power Adapter;;COM;53,81
1160;APP-MNYW2ZM/A;3;iPhone SE Leather Case - Saddle Brown;;COM;26,88
1382;MOS-99MO084201;3;Adaptateur USB-C vers VGA;;COM;19
1383;MOS-99MO084202;3;Adaptateur USB-C vers HDMI;;COM;19
1437;APP-MQ052F/A;3;Magic Keyboard with Numeric Keypad - French;;COM;94,13
1557;TUC-BFEMB215SG;3;Housse Tucano Elements Pour Macbook Pro 15 (Fin 2016)- Noir;;COM;9,31
1592;BEE-101638;3;LA robe MBP Retina 13 (Late 2016) One Bubble Pink;;COM;10
1596;BEE-101313;3;LA robe Air13/Pro13 One Granita;;COM;9,7
1635;APP-MK122Z/A;3;Câble extension pour adaptateur secteur;;COM;16,6
1810;APP-MJYT2ZM/A;3;;;COM;21,6
1869;APP-MU8F2ZM/A;3;Apple Pencil (2nd Generation);;COM;101,4
2153;QDO-QD-310240-K;3;QDOS MUSE case for Apple iPad 10.2’’;;COM;24,59
2154;QDO-QD-1133-CL;3;Coque transparente QDOS HYBRID iPhone 11 Pro;;COM;8,19
2192;APP-MUF82ZM/A;3;Adaptateur USB-C multiport vers HDMI, USB A & USB C;;COM;52,1
2209;APP-MXQT2F/A;3;Magic Keyboard for 11-inch iPad Pro (2nd generation) - French;;COM;254,3
2292;APP-MXYL2ZM/A;3;iPhone SE Leather Case - (PRODUCT)RED;;COM;30,3
2326;BEL-F7U096VF04-WHT;3;Belkin Chargeur Secteur USB-C vers Lightning 18W;;COM;18,36
2354;APP-MHL03ZM/A;3;iPhone 12 et 12 Pro Silicone Case with MagSafe - Pink Citrus;;COM;33,91
34;ACC-TRIPO;4;Tripod Adapter;;COM;6
46;APP-M9109G/A;4;Adaptateur mini-VGA vers S-VHS et Vidéo composite;;COM;13
74;APP-MC940ZM/A;4;iPad 2 Dock;;COM;20
155;APP-MLA22F/A;4;Magic Keyboard - French;;COM;62,21
222;CAB-1078404;4;Cable VGA 3m Mâle-Mâle;;COM;4,22
296;MAC-BSTANDM4-B;4;Étui de protection et support pour iPad Mini 4 - Noir;;COM;12,78
322;MIC-GZA-00286;4;Microsoft Office pour Mac Home/Student 1 poste;;COM;93,32
325;MOB-3064758;4;Mobilis BUMPER - Coque de protection pour Apple iPad Air;;COM;13,33
349;MOS-99MO080411;4;iGlaze Case pour iPhone 6 Plus - Violet;;COM;13,81
367;NAG-3269941;4;PORT NAGANO - Protection pour Apple iPad Air 2;;COM;34,4
918;APP-MJ262Z/A;4;Adaptateur secteur USB C 29 W Apple ;;COM;36,98
980;PUR-IPC647SENSETR;4;Booklet Case Sense iPhone 6/6S transparent;;COM;10,42
1030;QDO-QD-7931-SC;4;Matrix Coque Rigide Iphone 7  Silicone Liquide Gris acier;;COM;11
1039;QDO-QD-8021-TGPR;4;Optiguard Verre trempé Iphone 7 plus Privé;;COM;8,67
1377;MOS-99MO084200;4;Adaptateur USB-C vers USB argent;;COM;5,27
1629;MOS-99MO022071;4;Chargeur de voiture USB-C Moshi;;COM;22
1768;APP-MRWR2ZM/A;4;iPhone XS Max Leather Case - Taupe;;COM;32,76
1798;APP-MRWW2ZM/A;4;iPhone XS Leather Folio - Black;;COM;70,56
1802;APP-MRWV2ZM/A;4;iPhone XS Max Leather Case - Saddle Brown;;COM;32,76
1809;APP-MR2A2ZM/A;4;30W USB-C Power Adapter;;COM;36,23
1944;APP-MKQ42ZM/A;4;Lightning to USB-C Cable (2 m);;COM;24,2
2012;APP-MRW22ZM/A;4;61W USB-C Power Adapter;;COM;49,42
2187;BEL-F7U083VFWHT;4;Belkin BOOST UP 10W Wireless Charging Stand - White;;COM;22,54
2195;QDO-QD-310540-K;4;QDOS Muse Cover for iPad Air/Pro 10.5" - Charcoal Grey;;COM;24,59
2404;QDO-QD-9206133-NCL;4;QDOS Case Hybrid for iPhone 12 and 12 Pro - clear/blue;;COM;8,19
2405;QDO-QD-9206133-SGCL;4;Hybrid for iPhone 12 Max and 12 Pro - clear/space grey;;COM;8,19
26;ACC-GR-ICLEAR-DUSK-N5;5;ETUI NANO 5 NOIR;;COM;11
47;APP-M9267G/A;5;Adaptateur DVI vers Vidéo NTSC;;COM;12,62
55;APP-MB202G/A;5;Adaptateur Micro DVI vers Vidéo;;COM;12,62
56;APP-MB203G/A;5;Adaptateur Micro DVI vers VGA;;COM;13
57;APP-MB204G/A;5;Adaptateur Micro DVI vers DVI;;COM;13
69;APP-MC500ZM/A;5;Chargeur de piles Apple;;COM;23,265
81;APP-MD506Z/A;5;Apple 85W MagSafe 2 Power Adapter (for MacBook Pro with Retina display);;COM;56,01
123;APP-MJ2R2Z/A;5;Magic Trackpad 2;;COM;94,1
223;CAB-1805848;5;Cable USB A-B;;COM;1
235;CRU-MUL7-002;5;The Mullet Marron;;COM;15
236;CRU-MUL7-003;5;The Mullet Blanc;;COM;15
253;GRI-GB36142;5;Cinema Seat pour iPad mini noir;;COM;15,05
266;INC-IP871EUFR;5;Performance Brassard pour iPod touch 4G - Noir court (37cms);;COM;13,79
318;MCL-CG-293CZ;5;Adaptateur Mini display port vers DVI;;COM;7,93
326;MOB-MO2212A;5;Chargeur à induction MOBEE Magic pour Apple Magic Mouse;;COM;31
370;NAT-GW-AIR2-GRY;5;Etui NativeUnion GripsterWrap pour iPad Air 2 Gris;;COM;19,38
376;OTT-3031748;5;OtterBox 360° for Apple iPhone 5s;;COM;7,31
381;OTT-3222547;5;Otterbox Case Amp600 Berry;;COM;12,17
1539;QDO-QD-1045-K;5;Pandora Etui rgide avec Compartiment de Stockage IPhone X;;COM;12,25
1553;CAS-CSIE2145K;5;Etui Caselogic iPad Pro 10,5" Noir 2017;;COM;14
1770;APP-MRWU2ZM/A;5;iPhone XS Max Leather Case - Midnight Blue;;COM;32,76
1974;APP-MR8U2ZM/A;5;Wireless Charging Case for AirPods;;COM;54,91
2139;APP-MX2E2ZM/A;5;Apple Watch Magnetic Charging Cable (1 m);;COM;24,23
2140;APP-MX2H2ZM/A;5;Apple Watch Magnetic Charger to USB-C Cable (1 m);;COM;23,53
2141;APP-MX0J2ZM/A;5;96W USB-C Power Adapter;;COM;53,78
2350;APP-MHL23ZM/A;5;iPhone 12 et 12 Pro Silicone Case with MagSafe - Plum;;COM;33,91
2408;QDO-QD-3109240-K;5;Etui QDOS Muse pour iPad Air 10.9" (2020) - Charcoal Grey;;COM;24,59
2;ACC-1827-SS-N7;6;ScratchStopper for iPod nano 7;;COM;4
83;APP-MD565Z/A;6;Apple 60W MagSafe 2 Power Adapter (MacBook Pro with 13-inch Retina display);;COM;56,01
85;APP-MD813ZM/A;6;Apple USB Power Adapter;;COM;15,43
88;APP-MD821ZM/A;6;Adaptateur Lightning vers cable USB d'appareil Photo;;COM;21,01
91;APP-MD825ZM/A;6;Lightning to VGA Adapter;;COM;32,77
369;NAT-GRIPNATVIPAD;6;Gripsterwrap pour Ipad Air Gris Ardoise;;COM;25,5
377;OTT-3031750;6;OtterBox 360° for Apple iPhone 5c;;COM;7,31
1009;APP-MMEL2ZM/A;6;Thunderbolt 3 (USB-C) to Thunderbolt 2 Adapter;;COM;36,3
1028;QDO-QD-7931-CS;6;Matrix Coque Rigide Iphone 7 Silicone Liquide Gris anthracite;;COM;10,67
1628;MOS-99MO084212;6;Câble Integra USB-C vers USB-C Gris Moshi;;COM;9,747
1767;APP-MRWQ2ZM/A;6;iPhone XS Max Leather Case - (PRODUCT)RED;;COM;32,76
2089;APP-MX0H2ZM/A;6;iPhone 11 Pro Max Clear Case;;COM;27,77
2090;APP-MWYK2ZM/A;6;iPhone 11 Pro Clear Case;;COM;27,75
2099;QDO-QD-1033-CL;6;Coque transparente QDOS HYBID iPhone X;;COM;8,19
1379;MOS-99MO084206;7;Adaptateur USB-C Multiports USB-A HDMI Rose;;COM;34
1380;MOS-99MO084207;7;Adaptateur USB-C Multiports USB-A HDMI Or;;COM;34
1769;APP-MRWT2ZM/A;7;iPhone XS Max Leather Case - Black;;COM;32,76
1857;QDO-QD106121TG;7;QDOS OptiGuard Glass Protect - Tempered Glass Screen Protector for iPhone Xr;;COM;10
1909;APP-MU7E2ZM/A;7;USB-C to 3.5 mm Headphone Jack Adapter;;COM;5,89
1918;APP-MRW62ZM/A;7;Coque transparente pour iPhone XR ;;COM;26,88
2155;QDO-QD-116533-CL;7;Coque transparente QDOS HYBRID iPhone 11 Pro Max\n;;COM;8,19
2325;BEL-WIZ002VFWH;7;Belkin 2x 10W Dual Wireless Charging Pad with Plug - White;;COM;22,91
71;APP-MC747Z/A;8;Apple 45W MagSafe Power Adapter for MacBook Air;;COM;56,01
317;MCL-CG-292CZ;8;Adaptateur Mini display port vers HDMI;;COM;11,21
1052;APP-MJ1L2ZM/A;8;Adaptateur USB C multiport vers VGA, USB A & USB C;;COM;50
1454;PUR-IPC747PLASMA-BLK;8;Housse Plasma Cover iPhone 7 Noir;;COM;7,5
1552;CAS-CSIE2145MI;8;Etui Caselogic  iPad Pro 10,5 Midgnith (BLEU) 2017;;COM;14
1554;CAS-CSIE2145CO;8;Etui Caselogic iPad Pro 10,5" Concrete (GRIS CLAIR) 2017;;COM;14
2356;APP-MHL73ZM/A;8;iPhone 12 et 12 Pro Silicone Case with MagSafe - Black;;COM;33,91
12;ACC-AC00452;9;GRIPSTER ORIGINAL POUR IPAD AIR GRIS ARDOISE;;COM;16,66
87;APP-MD819ZM/A;9;Lightning to USB Cable 2M;;COM;21,7
1860;QDO-QD106533CL;9;QDOS Hybrid case for iPhone Xs Max - clear;;COM;8
53;APP-MA591ZM/C;10;Câble Apple Dock Connector vers USB 2.0;;COM;15,42
2017;QDO-QD-5139C-HUBSG;10;QDOS Hub USB-C 6-en1 avec chargeur QI ;;COM;74,58
2384;BEL-WIA001VFBK;10;Belkin chargeur à induction Pad 10 W avec alim noir;;COM;16,06
2385;BEL-WIA001VFWH;10;Belkin chargeur à induction Pad 10W avec alimentation blanc;;COM;16,06
2397;QDO-QD-9205431-LK;10;QDOS Case Touch Pure for iPhone 12 Mini - black;;COM;12,29
2398;QDO-QD-9206131-LN;10;QDOS Case Touch Pure for iPhone 12 and 12 Pro - blue;;COM;12,29
2399;QDO-QD-9206131-LK;10;QDOS Case Touch Pure for iPhone 12 and 12 Pro - black;;COM;12,29
2406;QDO-QD-9206533-CL;10;Hybrid for iPhone 12 Pro Max - clear;;COM;8,19
2438;APP-MGN13ZM/A;10;Apple 5W USB Power Adapter;;COM;15,43
67;APP-MC380Z/A;11;Magic Trackpad Démo;;COM;52
1853;QDO-QD106521TGBS;11;QDOS  OptiGuard Glass Vision - Tempered Glass Screen Protector for iPhone Xs Max;;COM;10
1077;APP-MLL82ZM/A;12;USB-C Charge Cable (2m);;COM;16,47
2324;BEL-WIZ002VFBK;12;Belkin 2x 10W Dual Wireless Charging Pad with Plug - Black;;COM;22,91
1378;MOS-99MO084204;13;Adaptateur USB-C Multiports USB-A HDMI Argent;;COM;34,07
2142;APP-MX0K2ZM/A;14;USB-C to Lightning Cable (1 m);;COM;15,43
2360;APP-MHJE3ZM/A;14;20W USB-C Power Adapter;;COM;15,43
1177;APP-MNHF2ZM/A;16;EarPods with 3.5mm Headphone Plug;;COM;11,72
2403;QDO-QD-9206133-CL;19;QDOS Case Hybrid for iPhone 12 and 12 Pro - clear;;COM;8,19
2411;QDO-QD-78221-TG;19;Optiguard Protect Glass for iPhone SE, 8, 7, 6 - clear;;COM;6,5
871;APP-MMTN2ZM/A;20;EarPods with Lightning Connector;;COM;11,72
2382;BEL-F7U096VFWHT;20;Belkin Chargeur Secteur USB-C 18 W (Charge Rapide pour iPhone XS, XS Max, XR, X,;;COM;11,47
2402;QDO-QD-9205433-CL;20;QDOS Case Hybrid for iPhone 12 Mini - clear;;COM;8,19
2407;QDO-QD-9205421-TG;20;QDOS Glass OptiGuard for iPhone 12 Mini - clear;;COM;10,24
617;REFACT-WAVE;29;REFACTURATION % GESTION WAVESTORE;;COM;88,28
2175;APP-MXLY2ZM/A;32;Lightning to USB Cable (1 m);;COM;15,5
2392;QDO-QD-9206121-TG;39;QDOS Glass OptiGuard for iPhone 12 and 12 Pro - clear;;COM;6,5
